tenant,deal_id,deal_number,project_number,hubspot_deal_id,hubspot_stage_name,current_stage_id,action,target_stage_id,reason
office_dallas,02c4b3b7-b10a-47a6-b572-ab9b6cbe01a8,HS-237441352417,,237441352417,Pipe Line,03ab1b79-9412-43ec-82b4-624e0a60fd19,move_to_dd,0416a7db-1e5a-4d0a-88a2-bc5f1480755c,HubSpot stage 'Pipe Line' maps to Due Diligence
office_dallas,037f812b-555e-4a32-95dc-a1e55b5d77e7,HS-315162974910,DFW-1-06826-ab,315162974910,Pipe Line,03ab1b79-9412-43ec-82b4-624e0a60fd19,move_to_dd,0416a7db-1e5a-4d0a-88a2-bc5f1480755c,HubSpot stage 'Pipe Line' maps to Due Diligence
office_dallas,07785c3a-865f-48cd-abb4-3f164bc458f7,HS-323642517199,ATL-3-12726-ac,323642517199,RFP,03ab1b79-9412-43ec-82b4-624e0a60fd19,move_to_dd,0416a7db-1e5a-4d0a-88a2-bc5f1480755c,HubSpot stage 'RFP' maps to Due Diligence
office_dallas,0f888098-3b04-4855-a521-2ee29212e9a6,HS-324283512530,DFW-4-12826-al,324283512530,Service - Estimating,1aefe9a3-98b3-4169-8895-bd851e02d923,skip_already_correct,,current stage 1aefe9a3-98b3-4169-8895-bd851e02d923 is not opportunity; respecting import-script routing
office_dallas,12e3c0d4-27fb-4b1c-90e6-c62a82f08497,HS-324289951457,DFW-4-12826-ab,324289951457,Service - Estimating,1aefe9a3-98b3-4169-8895-bd851e02d923,skip_already_correct,,current stage 1aefe9a3-98b3-4169-8895-bd851e02d923 is not opportunity; respecting import-script routing
office_dallas,1c1a939d-7190-48c7-b15b-3783851e1c20,HS-318651319000,DFW-2-09026-ae,318651319000,Pipe Line,03ab1b79-9412-43ec-82b4-624e0a60fd19,move_to_dd,0416a7db-1e5a-4d0a-88a2-bc5f1480755c,HubSpot stage 'Pipe Line' maps to Due Diligence
office_dallas,230e1235-9566-4d8a-ba84-1af2c121c01c,HS-320623705821,DFW-2-10326-ab,320623705821,Pipe Line,03ab1b79-9412-43ec-82b4-624e0a60fd19,move_to_dd,0416a7db-1e5a-4d0a-88a2-bc5f1480755c,HubSpot stage 'Pipe Line' maps to Due Diligence
office_dallas,2926239b-2fe9-4af1-b55b-e10df66a729d,HS-323527098093,DFW-3-12526-ad,323527098093,Pipe Line,03ab1b79-9412-43ec-82b4-624e0a60fd19,move_to_dd,0416a7db-1e5a-4d0a-88a2-bc5f1480755c,HubSpot stage 'Pipe Line' maps to Due Diligence
office_dallas,3d644257-bf45-4c63-af19-9e7e699e2f5e,HS-324283495135,ATL-2-12826-ah,324283495135,Pipe Line,03ab1b79-9412-43ec-82b4-624e0a60fd19,move_to_dd,0416a7db-1e5a-4d0a-88a2-bc5f1480755c,HubSpot stage 'Pipe Line' maps to Due Diligence
office_dallas,43fb4a5e-9b21-4bd4-b838-c2d878a91aa9,HS-324288514808,DFW-4-12826-aa,324288514808,Deal Canceled,b8aa9f64-99f5-4700-b29b-78b86865a257,skip_already_correct,,current stage b8aa9f64-99f5-4700-b29b-78b86865a257 is not opportunity; respecting import-script routing
office_dallas,4775434f-88a0-4862-a4f5-217089920362,HS-324067680960,ATL-1-12626-ah,324067680960,Pipe Line,03ab1b79-9412-43ec-82b4-624e0a60fd19,move_to_dd,0416a7db-1e5a-4d0a-88a2-bc5f1480755c,HubSpot stage 'Pipe Line' maps to Due Diligence
office_dallas,5c429545-e835-46fc-a50a-be078be6253c,HS-323230358212,ATL-1-12026-ag,323230358212,Pipe Line,03ab1b79-9412-43ec-82b4-624e0a60fd19,move_to_dd,0416a7db-1e5a-4d0a-88a2-bc5f1480755c,HubSpot stage 'Pipe Line' maps to Due Diligence
office_dallas,5d5a558b-2693-4022-a86d-69d6ee9959ef,HS-316331157183,ATL-1-07226-ah,316331157183,Pipe Line,03ab1b79-9412-43ec-82b4-624e0a60fd19,move_to_dd,0416a7db-1e5a-4d0a-88a2-bc5f1480755c,HubSpot stage 'Pipe Line' maps to Due Diligence
office_dallas,5f720100-e22b-4f81-80b5-db6a2ebf9b88,HS-324281340602,ATL-1-12826-ai,324281340602,Pipe Line,03ab1b79-9412-43ec-82b4-624e0a60fd19,move_to_dd,0416a7db-1e5a-4d0a-88a2-bc5f1480755c,HubSpot stage 'Pipe Line' maps to Due Diligence
office_dallas,613e7273-5699-4294-8628-0843417a03c9,HS-323238188782,DFW-3-11926-aj,323238188782,Pipe Line,03ab1b79-9412-43ec-82b4-624e0a60fd19,move_to_dd,0416a7db-1e5a-4d0a-88a2-bc5f1480755c,HubSpot stage 'Pipe Line' maps to Due Diligence
office_dallas,62e22769-b2ca-4d30-9174-4f08625f67e4,HS-324289952459,DFW-9-12826-ad,324289952459,Service - Estimating,1aefe9a3-98b3-4169-8895-bd851e02d923,skip_already_correct,,current stage 1aefe9a3-98b3-4169-8895-bd851e02d923 is not opportunity; respecting import-script routing
office_dallas,7265b0b8-9ad7-4d36-9872-072f9a599d1e,HS-323642346203,DFW-1-12526-ac,323642346203,Pipe Line,03ab1b79-9412-43ec-82b4-624e0a60fd19,move_to_dd,0416a7db-1e5a-4d0a-88a2-bc5f1480755c,HubSpot stage 'Pipe Line' maps to Due Diligence
office_dallas,7821f62a-8465-474b-9c68-015e8e9cae32,HS-324288534216,ATL-1-12826-ag,324288534216,Estimating,71b5b7cd-fb3b-42c4-9ca4-9f23e16fdc19,skip_already_correct,,current stage 71b5b7cd-fb3b-42c4-9ca4-9f23e16fdc19 is not opportunity; respecting import-script routing
office_dallas,794f3056-dd5b-45f5-a68f-11d21ade168a,HS-323519347430,DFW-3-12726-aa,323519347430,Estimating,71b5b7cd-fb3b-42c4-9ca4-9f23e16fdc19,skip_already_correct,,current stage 71b5b7cd-fb3b-42c4-9ca4-9f23e16fdc19 is not opportunity; respecting import-script routing
office_dallas,7b6c1070-ea33-46c2-836a-ead74f58f746,HS-323517795024,DFW-1-12626-aa,323517795024,Estimating,71b5b7cd-fb3b-42c4-9ca4-9f23e16fdc19,skip_already_correct,,current stage 71b5b7cd-fb3b-42c4-9ca4-9f23e16fdc19 is not opportunity; respecting import-script routing
office_dallas,7c4f9e6b-fb9a-471f-871e-7522e51f8d56,HS-272705595119,DFW-1-02326-aa,272705595119,Pipe Line,03ab1b79-9412-43ec-82b4-624e0a60fd19,move_to_dd,0416a7db-1e5a-4d0a-88a2-bc5f1480755c,HubSpot stage 'Pipe Line' maps to Due Diligence
office_dallas,8557f4c9-0eeb-47cd-a037-4aec63736cdd,HS-323231075004,ATL-1-12026-af,323231075004,Deal Canceled,b8aa9f64-99f5-4700-b29b-78b86865a257,skip_already_correct,,current stage b8aa9f64-99f5-4700-b29b-78b86865a257 is not opportunity; respecting import-script routing
office_dallas,855b0332-e0a9-41f7-a218-384c3e7329e6,HS-324287813317,ATL-1-12826-af,324287813317,Pipe Line,03ab1b79-9412-43ec-82b4-624e0a60fd19,move_to_dd,0416a7db-1e5a-4d0a-88a2-bc5f1480755c,HubSpot stage 'Pipe Line' maps to Due Diligence
office_dallas,87bd8301-8162-4de8-90e9-da379ed9b6a1,HS-321011912381,DFW-2-10626-af,321011912381,Pipe Line,03ab1b79-9412-43ec-82b4-624e0a60fd19,move_to_dd,0416a7db-1e5a-4d0a-88a2-bc5f1480755c,HubSpot stage 'Pipe Line' maps to Due Diligence
office_dallas,8c45ffac-1da7-4b22-900a-0ee74c119508,HS-316334035679,ATL-1-07226-af,316334035679,Pipe Line,03ab1b79-9412-43ec-82b4-624e0a60fd19,move_to_dd,0416a7db-1e5a-4d0a-88a2-bc5f1480755c,HubSpot stage 'Pipe Line' maps to Due Diligence
office_dallas,8f4e0578-86c7-4f5c-9b58-cd05ddb0f285,HS-321009833720,DFW-1-10626-ae,321009833720,Pipe Line,03ab1b79-9412-43ec-82b4-624e0a60fd19,move_to_dd,0416a7db-1e5a-4d0a-88a2-bc5f1480755c,HubSpot stage 'Pipe Line' maps to Due Diligence
office_dallas,9fc66a11-1297-47fd-92d6-26b716c06b2b,HS-324289279725,DFW-2-12826-ak,324289279725,RFP,03ab1b79-9412-43ec-82b4-624e0a60fd19,move_to_dd,0416a7db-1e5a-4d0a-88a2-bc5f1480755c,HubSpot stage 'RFP' maps to Due Diligence
office_dallas,b2405ca1-0600-4695-a13d-2919252d809a,HS-324281313014,DFW-4-12826-ac,324281313014,Proposal Sent,8474d63a-d518-4dbc-8580-cf87ee94a99d,skip_already_correct,,current stage 8474d63a-d518-4dbc-8580-cf87ee94a99d is not opportunity; respecting import-script routing
office_dallas,b39b240d-66e5-41f1-a35e-206e84e8a36c,HS-318900588242,DFW-1-09026-af,318900588242,Pipe Line,03ab1b79-9412-43ec-82b4-624e0a60fd19,move_to_dd,0416a7db-1e5a-4d0a-88a2-bc5f1480755c,HubSpot stage 'Pipe Line' maps to Due Diligence
office_dallas,b8b31101-a8c1-416b-b091-af02300e022b,HS-324282042060,DFW-1-12826-ae,324282042060,Pipe Line,03ab1b79-9412-43ec-82b4-624e0a60fd19,move_to_dd,0416a7db-1e5a-4d0a-88a2-bc5f1480755c,HubSpot stage 'Pipe Line' maps to Due Diligence
office_dallas,bbbc59ed-7e50-4ae0-ab19-7d8e5b09c8b4,HS-316331866869,DFW-1-07226-ae,316331866869,Pipe Line,03ab1b79-9412-43ec-82b4-624e0a60fd19,move_to_dd,0416a7db-1e5a-4d0a-88a2-bc5f1480755c,HubSpot stage 'Pipe Line' maps to Due Diligence
office_dallas,cec94239-5f62-4897-9f4c-f94aa2fb6c14,HS-324281343677,ATL-1-12826-aj,324281343677,Estimating,71b5b7cd-fb3b-42c4-9ca4-9f23e16fdc19,skip_already_correct,,current stage 71b5b7cd-fb3b-42c4-9ca4-9f23e16fdc19 is not opportunity; respecting import-script routing
office_dallas,d3de071d-c1b4-4d51-8509-bbfb1d0e6c46,HS-323517814463,DFW-1-12626-ab,323517814463,Pipe Line,03ab1b79-9412-43ec-82b4-624e0a60fd19,move_to_dd,0416a7db-1e5a-4d0a-88a2-bc5f1480755c,HubSpot stage 'Pipe Line' maps to Due Diligence
office_dallas,e5cd2cbb-03b2-4b4e-a2a0-cc0449dc3374,HS-321334378186,ATL-1-10726-aj,321334378186,Pipe Line,03ab1b79-9412-43ec-82b4-624e0a60fd19,move_to_dd,0416a7db-1e5a-4d0a-88a2-bc5f1480755c,HubSpot stage 'Pipe Line' maps to Due Diligence
