timestamp,action,dealId,dealNumber,name,reason,currentProjectType,currentProjectTypeId,nextProjectType,nextProjectTypeId,bidBoardProjectNumber
2026-04-29T14:52:15.314Z,skip,02ce68f6-5665-4da8-b345-fb14f496e688,TR-0236,Halo 46 Clubhouse,skip_existing_value,,f4689218-f219-4e32-9a87-763f7b41d292,interior renovation,a3b071ea-ca83-4ff7-b718-413582090253,DFW-2-00726-aa
2026-04-29T14:52:15.771Z,update,270cafb0-97cb-4562-93b4-c717ac6b3116,TR-0356,Hayward stair enclose,normalize_project_type_from_bid_board_project_number,,,exterior renovation,3502c3c8-eae4-42ed-b9bc-3712d914a3fc,DFW-1-06226-ab
2026-04-29T14:52:15.771Z,update,c50bbb3d-271a-4f14-8d03-66bcd80d4637,TR-0343,Oak Chase,normalize_project_type_from_bid_board_project_number,,,emergency,294cee42-674e-4628-a2ad-666d199867ed,DFW-7-05526-aa
2026-04-29T14:52:15.771Z,update,08f583c6-3d65-4276-8507-df4da930c33f,TR-0405,Pike West Commerce,normalize_project_type_from_bid_board_project_number,,,interior renovation,a3b071ea-ca83-4ff7-b718-413582090253,DFW-2-07726-ah
2026-04-29T14:52:15.771Z,update,1959384b-1881-49dd-a403-8b5be2592dbd,TR-0650,Red Phone Booth Atlanta,normalize_project_type_from_bid_board_project_number,,,exterior renovation,3502c3c8-eae4-42ed-b9bc-3712d914a3fc,DFW-1-09226-am
2026-04-29T14:52:15.771Z,update,b457a9df-67b1-47c3-9246-dd3ec4ec8a48,TR-0446,Tides Royal Lane North,normalize_project_type_from_bid_board_project_number,,,service,99d6f95c-37de-4b58-83f8-49bd6c733f78,DFW-4-09226-ao
2026-04-29T14:52:15.771Z,update,a10c250c-3976-4e81-837d-05d21a29dd47,TR-0420,Tides at Royal Lane North,normalize_project_type_from_bid_board_project_number,,,service,99d6f95c-37de-4b58-83f8-49bd6c733f78,DFW-4-09026-ak
2026-04-29T14:52:15.771Z,update,4b79f33e-5eaf-42cd-96cd-f428651e2652,TR-0425,3311 at vernon,normalize_project_type_from_bid_board_project_number,,,service,99d6f95c-37de-4b58-83f8-49bd6c733f78,DFW-4-08826-aa
2026-04-29T14:52:15.771Z,update,808c3b75-4aad-4436-82a6-1046fb55a010,TR-0648,1 Park Central,normalize_project_type_from_bid_board_project_number,,,exterior renovation,3502c3c8-eae4-42ed-b9bc-3712d914a3fc,DFW-1-09126-aa
2026-04-29T14:52:15.771Z,update,2209d35b-370d-4b26-9dd7-951cc3b0a2fa,TR-0649,LaVida Apartments,normalize_project_type_from_bid_board_project_number,,,exterior renovation,3502c3c8-eae4-42ed-b9bc-3712d914a3fc,DFW-1-09026-ah
2026-04-29T14:52:15.771Z,update,45777c32-4462-4401-bed2-402f66ddad93,TR-0431,Oak Chase,normalize_project_type_from_bid_board_project_number,,,exterior renovation,3502c3c8-eae4-42ed-b9bc-3712d914a3fc,DFW-1-09026-ad
2026-04-29T14:52:15.771Z,update,deb32bb4-09af-4b6b-8f38-f228dd1161f0,TR-0429,4123 Cedar Springs,normalize_project_type_from_bid_board_project_number,,,service,99d6f95c-37de-4b58-83f8-49bd6c733f78,DFW-4-08926-ai
2026-04-29T14:52:15.771Z,update,6fd05082-78db-4b1d-b426-9ac44094b460,TR-0350,Tides at Park Lane,normalize_project_type_from_bid_board_project_number,,,exterior renovation,3502c3c8-eae4-42ed-b9bc-3712d914a3fc,DFW-1-02226-aa
2026-04-29T14:52:15.771Z,update,09aac234-75cf-4b19-bad3-12ec2cbf338b,TR-0621,Onyx,normalize_project_type_from_bid_board_project_number,,,exterior renovation,3502c3c8-eae4-42ed-b9bc-3712d914a3fc,DFW-1-07226-ad
2026-04-29T14:52:15.771Z,update,686bd0f1-fdff-43a0-a4f4-57b148ebfe2f,TR-0549,The Club at Riverchase,normalize_project_type_from_bid_board_project_number,,,exterior renovation,3502c3c8-eae4-42ed-b9bc-3712d914a3fc,DFW-1-00926-aa
2026-04-29T14:52:15.771Z,update,27ad1055-fde0-46d7-8f01-c14d1171217c,TR-0558,vintage pads boiler repair,normalize_project_type_from_bid_board_project_number,,,service,99d6f95c-37de-4b58-83f8-49bd6c733f78,DFW-4-01926-ab
2026-04-29T14:52:15.771Z,update,1f42992f-519f-4150-8316-1302ecbac2ee,TR-0560,Iconic Apartments,normalize_project_type_from_bid_board_project_number,,,exterior renovation,3502c3c8-eae4-42ed-b9bc-3712d914a3fc,DFW-1-02126-ac
2026-04-29T14:52:15.771Z,update,dc4cd885-8f03-4b31-95be-ce370a124231,TR-0599,Hillburn Hills,normalize_project_type_from_bid_board_project_number,,,interior renovation,a3b071ea-ca83-4ff7-b718-413582090253,DFW-2-05126-aa
2026-04-29T14:52:15.771Z,update,ad69f883-e5cb-44a1-8a1a-0d1b1ef7cb0f,TR-0447,Lake Village West,normalize_project_type_from_bid_board_project_number,,,exterior renovation,3502c3c8-eae4-42ed-b9bc-3712d914a3fc,DFW-1-09226-ae
2026-04-29T14:52:15.771Z,update,d932b365-aea9-4475-abc9-1dac33fc0283,TR-0128,The Avenue at San Marcos,normalize_project_type_from_bid_board_project_number,,,exterior renovation,3502c3c8-eae4-42ed-b9bc-3712d914a3fc,DFW-1-22725-aa
2026-04-29T14:52:15.771Z,update,9ed2d172-abed-4f40-81a4-74c6c67e5706,TR-0570,Denton Student Housing Exterior,normalize_project_type_from_bid_board_project_number,,,exterior renovation,3502c3c8-eae4-42ed-b9bc-3712d914a3fc,DFW-1-02626-ac
2026-04-29T14:52:15.771Z,update,cc851f12-19a7-4c67-93d7-db9a29b75aa8,TR-0579,Valley Vista Development,normalize_project_type_from_bid_board_project_number,,,development,9bde461f-6d71-4f3d-85ce-4e450005b00b,DFW-8-03426-ad
2026-04-29T14:52:15.771Z,update,7e8d0948-0584-4a97-80d3-033f7779e587,TR-0604,Vista Starkville,normalize_project_type_from_bid_board_project_number,,,exterior renovation,3502c3c8-eae4-42ed-b9bc-3712d914a3fc,DFW-1-05626-aa
2026-04-29T14:52:15.771Z,update,98c0e46c-416a-4f12-b112-5d16dd9dec7e,TR-0608,Boone Storage Tank Liner,normalize_project_type_from_bid_board_project_number,,,exterior renovation,3502c3c8-eae4-42ed-b9bc-3712d914a3fc,DFW-1-05826-aa
2026-04-29T14:52:15.771Z,update,7dda419f-d176-4ec5-a246-47ddf35f457c,TR-0609,Hayward unit to office conversion,normalize_project_type_from_bid_board_project_number,,,interior renovation,a3b071ea-ca83-4ff7-b718-413582090253,DFW-2-06226-aa
2026-04-29T14:52:15.771Z,update,099e492a-e9d4-4173-8859-a4ef1775c197,TR-0612,Cottages of San Marcos,normalize_project_type_from_bid_board_project_number,,,exterior renovation,3502c3c8-eae4-42ed-b9bc-3712d914a3fc,DFW-1-06326-ad
2026-04-29T14:52:15.771Z,update,66ff28a0-a4bf-4c10-8fec-67565c229d14,TR-0613,The Noble,normalize_project_type_from_bid_board_project_number,,,exterior renovation,3502c3c8-eae4-42ed-b9bc-3712d914a3fc,DFW-1-06326-ag
2026-04-29T14:52:15.771Z,update,c26b9f4a-e644-46ad-8920-57763dd28288,TR-0618,Chenal Point at the Divide DD,normalize_project_type_from_bid_board_project_number,,,exterior renovation,3502c3c8-eae4-42ed-b9bc-3712d914a3fc,DFW-1-06826-aa
2026-04-29T14:52:15.771Z,update,d6c4a6ea-789a-4f53-b141-ab2a4786f144,TR-0379,Social 28 Clubhouse,normalize_project_type_from_bid_board_project_number,,,interior renovation,a3b071ea-ca83-4ff7-b718-413582090253,DFW-2-07026-aa
2026-04-29T14:52:15.771Z,update,0c12e0b4-edc1-4a23-a245-04bfe7f8032b,TR-0400,Linc,normalize_project_type_from_bid_board_project_number,,,exterior renovation,3502c3c8-eae4-42ed-b9bc-3712d914a3fc,DFW-1-07726-ad
2026-04-29T14:52:15.771Z,update,fcdd93c8-da74-4715-a0ba-14527b59f46e,TR-0383,Mesquite Village,normalize_project_type_from_bid_board_project_number,,,interior renovation,a3b071ea-ca83-4ff7-b718-413582090253,DFW-2-07026-af
2026-04-29T14:52:15.771Z,update,9e002218-347f-472e-8982-addfc949acaf,TR-0443,3311 at Vernon,normalize_project_type_from_bid_board_project_number,,,service,99d6f95c-37de-4b58-83f8-49bd6c733f78,DFW-4-07826-af
2026-04-29T14:52:15.771Z,update,20580eb9-5bc8-4253-9d22-11ab59080721,TR-0373,Tides Royal Lane North,normalize_project_type_from_bid_board_project_number,,,exterior renovation,3502c3c8-eae4-42ed-b9bc-3712d914a3fc,DFW-1-06926-ab
2026-04-29T14:52:15.771Z,update,03e46b3d-d377-46ff-97af-1216c37260a2,TR-0448,Park Place Columbia,normalize_project_type_from_bid_board_project_number,,,interior renovation,a3b071ea-ca83-4ff7-b718-413582090253,DFW-2-09226-af
2026-04-29T14:52:15.771Z,update,1c093410-bb7c-4f99-89e7-61c150a86709,TR-0427,4123 Cedar Springs,normalize_project_type_from_bid_board_project_number,,,interior renovation,a3b071ea-ca83-4ff7-b718-413582090253,DFW-2-08926-ab
2026-04-29T14:52:15.771Z,update,7c7eec06-eb08-4f3b-8300-0996742a17ba,TR-0315,Patten West,normalize_project_type_from_bid_board_project_number,,,interior renovation,a3b071ea-ca83-4ff7-b718-413582090253,DFW-2-04126-ad
2026-04-29T14:52:15.771Z,update,3b017c77-9d2b-41f0-8cb7-5015a8d1b9c8,TR-0434,The District at Boynton,normalize_project_type_from_bid_board_project_number,,,exterior renovation,3502c3c8-eae4-42ed-b9bc-3712d914a3fc,DFW-1-09026-ai
2026-04-29T14:52:15.771Z,update,1a60b38e-6c52-4a4a-9fde-d698949594e0,TR-0445,MAA on Hebron,normalize_project_type_from_bid_board_project_number,,,service,99d6f95c-37de-4b58-83f8-49bd6c733f78,DFW-4-09126-ae
2026-04-29T14:52:15.771Z,update,d8a4526a-1da4-4fd0-add3-e5d1183009c8,TR-0646,Patten West,normalize_project_type_from_bid_board_project_number,,,interior renovation,a3b071ea-ca83-4ff7-b718-413582090253,DFW-2-09126-ab
2026-04-29T14:52:15.771Z,update,2a06f1a7-c14b-41ac-9bf1-1ba973df3190,TR-0284,Avela Real Estate Partners,normalize_project_type_from_bid_board_project_number,,,commercial,d2b04f5b-1685-447e-bf38-08974f1b4363,DFW-5-02826-ac
2026-04-29T14:52:15.771Z,update,ff300464-424d-48e8-8795-dee96b75aa01,TR-0057,Patten West,normalize_project_type_from_bid_board_project_number,,,exterior renovation,3502c3c8-eae4-42ed-b9bc-3712d914a3fc,DFW-1-21725-aa
2026-04-29T14:52:15.771Z,update,0abb2dbe-643e-4e71-84c6-a43fb4915992,TR-0601,Anthem Town East,normalize_project_type_from_bid_board_project_number,,,emergency,294cee42-674e-4628-a2ad-666d199867ed,DFW-7-02926-aa
2026-04-29T14:52:15.771Z,update,dd3eb284-60da-4e1e-81fe-da56c7627051,TR-0225,Jefferson on the Lake,normalize_project_type_from_bid_board_project_number,,,exterior renovation,3502c3c8-eae4-42ed-b9bc-3712d914a3fc,DFW-1-00826-aa
2026-04-29T14:52:15.771Z,update,c18aa5c0-1872-412e-b1d4-b7ec59ac1ee9,TR-0232,Tides on Twain roof replacement,normalize_project_type_from_bid_board_project_number,,,roofing,82c4cf72-3830-4506-b8b0-ba52cbbc534c,DFW-3-35625-aa
2026-04-29T14:52:15.771Z,update,08de9878-aa3c-46d3-aa5c-38e6322156aa,TR-0246,Crestview Commons,normalize_project_type_from_bid_board_project_number,,,exterior renovation,3502c3c8-eae4-42ed-b9bc-3712d914a3fc,DFW-1-01326-ab
2026-04-29T14:52:15.771Z,update,9f318243-8efa-499e-b705-c65e878b59dc,TR-0602,The Arcadian at Victory Park,normalize_project_type_from_bid_board_project_number,,,service,99d6f95c-37de-4b58-83f8-49bd6c733f78,DFW-4-04926-af
2026-04-29T14:52:15.771Z,update,245eeb2f-5105-4b75-adfc-1184fd5e04ca,TR-0416,The Hendry,normalize_project_type_from_bid_board_project_number,,,service,99d6f95c-37de-4b58-83f8-49bd6c733f78,DFW-4-08426-aa
2026-04-29T14:52:15.771Z,update,d555f624-d642-4c4c-b06e-4901b21319b9,TR-0611,The View at Shelby Farms,normalize_project_type_from_bid_board_project_number,,,exterior renovation,3502c3c8-eae4-42ed-b9bc-3712d914a3fc,DFW-1-06226-ag
2026-04-29T14:52:15.771Z,update,8aaee10e-6909-4c55-8145-f4bf66df973f,TR-0647,Club at Riverchase,normalize_project_type_from_bid_board_project_number,,,service,99d6f95c-37de-4b58-83f8-49bd6c733f78,DFW-4-09026-aj
2026-04-29T14:52:15.771Z,update,c08bd408-9fce-41d4-a6ba-028fe979f725,TR-0253,The London,normalize_project_type_from_bid_board_project_number,,,exterior renovation,3502c3c8-eae4-42ed-b9bc-3712d914a3fc,DFW-1-01926-aa
2026-04-29T14:52:15.771Z,update,8a7449c8-24bf-40c9-87a3-fc197f1290ab,TR-0274,Tides on Royal Lane North,normalize_project_type_from_bid_board_project_number,,,exterior renovation,3502c3c8-eae4-42ed-b9bc-3712d914a3fc,DFW-1-02626-aa
2026-04-29T14:52:15.771Z,update,acf63317-c49d-4616-a476-8aef056dcdae,TR-0267,Aspen Run 2,normalize_project_type_from_bid_board_project_number,,,exterior renovation,3502c3c8-eae4-42ed-b9bc-3712d914a3fc,DFW-1-02326-ai
2026-04-29T14:52:15.771Z,update,658be038-cd75-42fb-8233-da3b3ee522fa,TR-0436,Gateway Cedars,normalize_project_type_from_bid_board_project_number,,,exterior renovation,3502c3c8-eae4-42ed-b9bc-3712d914a3fc,DFW-1-09026-ag
2026-04-29T14:52:15.771Z,update,a5428c8e-c320-43b4-98d9-381e3e49376f,TR-0432,Patten West,normalize_project_type_from_bid_board_project_number,,,exterior renovation,3502c3c8-eae4-42ed-b9bc-3712d914a3fc,DFW-1-09026-ab
2026-04-29T14:52:15.771Z,update,cab50621-29a8-4292-9567-d7cb7c6f763e,TR-0641,Rise North Arlington,normalize_project_type_from_bid_board_project_number,,,service,99d6f95c-37de-4b58-83f8-49bd6c733f78,DFW-4-08626-aa
2026-04-29T14:52:15.771Z,update,b9f75d9d-ebd4-4fa4-be88-fae4b5a4442e,TR-0288,Anthem Town East,normalize_project_type_from_bid_board_project_number,,,service,99d6f95c-37de-4b58-83f8-49bd6c733f78,DFW-4-05126-ab
2026-04-29T14:52:15.771Z,update,251c04e8-e4b8-4831-85ad-0d90a52d3782,TR-0295,Eleven by Windsor,normalize_project_type_from_bid_board_project_number,,,exterior renovation,3502c3c8-eae4-42ed-b9bc-3712d914a3fc,DFW-1-03326-aj
2026-04-29T14:52:15.771Z,update,eb1ea54d-1552-40e5-9db7-5c39f80282ff,TR-0323,Denton Student Housing 120 unit repairs,normalize_project_type_from_bid_board_project_number,,,interior renovation,a3b071ea-ca83-4ff7-b718-413582090253,DFW-2-04726-ac
2026-04-29T14:52:15.771Z,update,f00c8f34-40bb-4d31-b518-81299805c24b,TR-0337,Starlite landing rebuilds,normalize_project_type_from_bid_board_project_number,,,exterior renovation,3502c3c8-eae4-42ed-b9bc-3712d914a3fc,DFW-1-04926-ab
2026-04-29T14:52:15.771Z,update,e5ce7ef7-2c8a-4366-b6a8-99af14e65d48,TR-0351,The Thompson,normalize_project_type_from_bid_board_project_number,,,exterior renovation,3502c3c8-eae4-42ed-b9bc-3712d914a3fc,DFW-1-05626-ac
2026-04-29T14:52:15.771Z,update,3d2ea143-90e9-4145-8700-9a25cb3a3f99,TR-0291,Halston Frankford,normalize_project_type_from_bid_board_project_number,,,emergency,294cee42-674e-4628-a2ad-666d199867ed,DFW-7-02926-ac
2026-04-29T14:52:15.771Z,update,ecad86eb-b74c-47c4-b731-d8a8b30adb18,TR-0188,Oak Park Apartments,normalize_project_type_from_bid_board_project_number,,,exterior renovation,3502c3c8-eae4-42ed-b9bc-3712d914a3fc,DFW-1-30225-aa
2026-04-29T14:52:15.771Z,update,de96e2d9-c2e1-41d9-8d2b-de9c88e5d461,TR-0266,The Quarters Unit 108 ceiling leak,normalize_project_type_from_bid_board_project_number,,,interior renovation,a3b071ea-ca83-4ff7-b718-413582090253,DFW-2-02126-aa
2026-04-29T14:52:15.771Z,update,fa710979-3bf7-4ab7-b89d-5900f323f82b,TR-0271,Oak Park Apartments,normalize_project_type_from_bid_board_project_number,,,exterior renovation,3502c3c8-eae4-42ed-b9bc-3712d914a3fc,DFW-1-02326-ac
2026-04-29T14:52:15.771Z,update,f9c80f4a-2c17-4ae4-b6b9-8e8046407157,TR-0272,Tides on Timberglen,normalize_project_type_from_bid_board_project_number,,,service,99d6f95c-37de-4b58-83f8-49bd6c733f78,DFW-4-04126-ae
2026-04-29T14:52:15.771Z,update,df290f47-b4b2-4520-ac85-a3f7c3c59641,TR-0276,Reserve at Midtown,normalize_project_type_from_bid_board_project_number,,,exterior renovation,3502c3c8-eae4-42ed-b9bc-3712d914a3fc,DFW-1-02326-aj
2026-04-29T14:52:15.771Z,update,36cd2287-6a06-4814-a5eb-241f0d7140f1,TR-0277,Highland Meadows,normalize_project_type_from_bid_board_project_number,,,exterior renovation,3502c3c8-eae4-42ed-b9bc-3712d914a3fc,DFW-1-02326-ae
2026-04-29T14:52:15.771Z,update,db4ee1b7-d6f1-4279-8df2-8a9eefd0a253,TR-0279,Aspen Run 1,normalize_project_type_from_bid_board_project_number,,,exterior renovation,3502c3c8-eae4-42ed-b9bc-3712d914a3fc,DFW-1-02326-ah
2026-04-29T14:52:15.771Z,update,7f425bd7-607f-4019-b75c-88518938a28f,TR-0280,Tides On Royal Lane South,normalize_project_type_from_bid_board_project_number,,,exterior renovation,3502c3c8-eae4-42ed-b9bc-3712d914a3fc,DFW-1-02326-ag
2026-04-29T14:52:15.771Z,update,8fd41b34-5e40-4b1a-9937-fb13d2802041,TR-0255,Hendrix Carports,normalize_project_type_from_bid_board_project_number,,,exterior renovation,3502c3c8-eae4-42ed-b9bc-3712d914a3fc,DFW-1-02126-ad
2026-04-29T14:52:15.771Z,update,b0a610ad-4126-4f20-b423-eb4a6e8748ce,TR-0259,Marabella on Pioneer,normalize_project_type_from_bid_board_project_number,,,interior renovation,a3b071ea-ca83-4ff7-b718-413582090253,DFW-2-02126-ab
2026-04-29T14:52:15.771Z,update,23a82797-f867-4215-a614-4c9abc88122a,TR-0270,Marabella on Pioneer,normalize_project_type_from_bid_board_project_number,,,roofing,82c4cf72-3830-4506-b8b0-ba52cbbc534c,DFW-3-04926-aa
2026-04-29T14:52:15.771Z,update,99426fc3-26ef-401f-9321-8994a55f8f3a,TR-0311,Westwood at winter haven,normalize_project_type_from_bid_board_project_number,,,interior renovation,a3b071ea-ca83-4ff7-b718-413582090253,DFW-2-04026-aa
2026-04-29T14:52:15.771Z,update,bbd7a4f7-c289-4ef1-980c-28a6d82a76e8,TR-0312,Denton Student Housing,normalize_project_type_from_bid_board_project_number,,,exterior renovation,3502c3c8-eae4-42ed-b9bc-3712d914a3fc,DFW-1-04026-af
2026-04-29T14:52:15.771Z,update,acb7224c-df3c-4056-a861-5f61af862311,TR-0283,The Jasmine,normalize_project_type_from_bid_board_project_number,,,exterior renovation,3502c3c8-eae4-42ed-b9bc-3712d914a3fc,DFW-1-02326-al
2026-04-29T14:52:15.771Z,update,cbc85a28-7fb8-48cc-987e-95167ef4f2b9,TR-0285,Timberglen,normalize_project_type_from_bid_board_project_number,,,interior renovation,a3b071ea-ca83-4ff7-b718-413582090253,DFW-2-02826-ae
2026-04-29T14:52:15.771Z,update,cfa81bdd-2fc1-461e-8867-4bf24b37c8fe,TR-0293,Birchstone Cedar Ridge,normalize_project_type_from_bid_board_project_number,,,emergency,294cee42-674e-4628-a2ad-666d199867ed,DFW-7-02926-aj
2026-04-29T14:52:15.771Z,update,80627841-9584-42d0-ba1e-434ec65b2bbd,TR-0304,Tides on Highland Meadows,normalize_project_type_from_bid_board_project_number,,,interior renovation,a3b071ea-ca83-4ff7-b718-413582090253,DFW-2-03626-aa
2026-04-29T14:52:15.771Z,update,829dfe83-26da-4940-abfa-3ebf4510f18c,TR-0310,Tides North Dallas,normalize_project_type_from_bid_board_project_number,,,exterior renovation,3502c3c8-eae4-42ed-b9bc-3712d914a3fc,DFW-1-03726-af
2026-04-29T14:52:15.771Z,update,1222a166-49ca-4301-b853-6d4b5867a4c4,TR-0325,Denton student housing occupied repairs,normalize_project_type_from_bid_board_project_number,,,interior renovation,a3b071ea-ca83-4ff7-b718-413582090253,DFW-2-04726-aa
2026-04-29T14:52:15.771Z,update,e1833e75-2bb1-4c3d-b347-d1231725b0a9,TR-0326,The Indy clubhouse refresh,normalize_project_type_from_bid_board_project_number,,,interior renovation,a3b071ea-ca83-4ff7-b718-413582090253,DFW-2-04926-ai
2026-04-29T14:52:15.771Z,update,5f016ca3-6401-458a-bfc3-5df4a7cbc93e,TR-0319,Retreat at 3737,normalize_project_type_from_bid_board_project_number,,,service,99d6f95c-37de-4b58-83f8-49bd6c733f78,DFW-4-04226-aa
2026-04-29T14:52:15.771Z,update,ca60db6b-6ff6-4919-9668-f89507198554,TR-0327,Park Place Waco,normalize_project_type_from_bid_board_project_number,,,exterior renovation,3502c3c8-eae4-42ed-b9bc-3712d914a3fc,DFW-1-32825-aa
2026-04-29T14:52:15.771Z,update,a5389a12-3343-4089-9c2e-2f6a699eb4fe,TR-0346,Halston on Frankford,normalize_project_type_from_bid_board_project_number,,,service,99d6f95c-37de-4b58-83f8-49bd6c733f78,DFW-4-05526-ah
2026-04-29T14:52:15.771Z,update,fc7b0f6f-68ad-4ee1-8179-02c66ee9729d,TR-0347,Patten West,normalize_project_type_from_bid_board_project_number,,,interior renovation,a3b071ea-ca83-4ff7-b718-413582090253,DFW-2-05526-ad
2026-04-29T14:52:15.771Z,update,4b03aff6-692e-4ed7-b450-0b4bf97165f7,TR-0362,Gables of Mckinney carport damage,normalize_project_type_from_bid_board_project_number,,,service,99d6f95c-37de-4b58-83f8-49bd6c733f78,DFW-4-06426-aa
2026-04-29T14:52:15.771Z,update,a79f0a83-725e-410b-80c3-686aee0b4a24,TR-0368,MAA Hebron,normalize_project_type_from_bid_board_project_number,,,service,99d6f95c-37de-4b58-83f8-49bd6c733f78,DFW-4-06426-ad
2026-04-29T14:52:15.771Z,update,e955493f-3101-43d3-b6f4-81fecb5e7971,TR-0378,Avenues San Marcos HVAC,normalize_project_type_from_bid_board_project_number,,,interior renovation,a3b071ea-ca83-4ff7-b718-413582090253,DFW-2-07026-ab
2026-04-29T14:52:15.771Z,update,a7173358-9d77-4bf2-9cdb-42250b55dcb7,TR-0380,The Quarters office conversion unit,normalize_project_type_from_bid_board_project_number,,,interior renovation,a3b071ea-ca83-4ff7-b718-413582090253,DFW-2-07026-ae
2026-04-29T14:52:15.771Z,update,246a1d58-0395-435a-af06-9d24652a790e,TR-0381,848 Mitchell,normalize_project_type_from_bid_board_project_number,,,exterior renovation,3502c3c8-eae4-42ed-b9bc-3712d914a3fc,DFW-1-07026-ag
2026-04-29T14:52:15.771Z,update,6ae7ba2d-0af0-4aac-aedf-398c080d2dae,TR-0382,4123 Cedar Springs,normalize_project_type_from_bid_board_project_number,,,service,99d6f95c-37de-4b58-83f8-49bd6c733f78,DFW-4-07226-ac
2026-04-29T14:52:15.771Z,update,6c2ab85e-4b74-41a4-b972-f4f0c3174739,TR-0391,Tides on Royal Lane North,normalize_project_type_from_bid_board_project_number,,,emergency,294cee42-674e-4628-a2ad-666d199867ed,DFW-7-07326-ah
2026-04-29T14:52:15.771Z,update,a8353957-8109-4338-868d-ac5568da3ff3,TR-0265,Anthem Mesquite,normalize_project_type_from_bid_board_project_number,,,emergency,294cee42-674e-4628-a2ad-666d199867ed,DFW-7-05026-ab
2026-04-29T14:52:15.771Z,update,e8dc4fc9-9a22-42a3-aa47-4c10ccc4db8a,TR-0401,Tides on Royal lane North,normalize_project_type_from_bid_board_project_number,,,interior renovation,a3b071ea-ca83-4ff7-b718-413582090253,DFW-2-07726-aa
2026-04-29T14:52:15.771Z,update,e46ade24-6c0f-430f-8cb9-096868f7bbe5,TR-0411,Rayside (Lake Village,normalize_project_type_from_bid_board_project_number,,,exterior renovation,3502c3c8-eae4-42ed-b9bc-3712d914a3fc,DFW-1-08326-aa
2026-04-29T14:52:15.771Z,update,091c2c5d-b828-47df-b2ed-07581b6479d6,TR-0412,Monarch Pass,normalize_project_type_from_bid_board_project_number,,,service,99d6f95c-37de-4b58-83f8-49bd6c733f78,DFW-4-08326-ab
2026-04-29T14:52:15.771Z,update,48fcce70-ab09-41a8-978e-ab9bbf0cf25a,TR-0413,Tides at Highland Meadows,normalize_project_type_from_bid_board_project_number,,,exterior renovation,3502c3c8-eae4-42ed-b9bc-3712d914a3fc,DFW-1-08326-ab
2026-04-29T14:52:15.771Z,update,cd254646-b2ad-4d8e-8a98-b66caf763a71,TR-0424,The woods of Five Mile Creek,normalize_project_type_from_bid_board_project_number,,,exterior renovation,3502c3c8-eae4-42ed-b9bc-3712d914a3fc,DFW-1-08626-ad
2026-04-29T14:52:15.771Z,update,d757e257-fff0-4a07-ae0d-16ac7dcfaf02,TR-0645,Gables of Mckinney,normalize_project_type_from_bid_board_project_number,,,interior renovation,a3b071ea-ca83-4ff7-b718-413582090253,DFW-2-09226-ad
2026-04-29T14:52:15.771Z,update,c059b155-0f0d-46f4-981c-a07257b929f5,TR-0619,Park West,normalize_project_type_from_bid_board_project_number,,,exterior renovation,3502c3c8-eae4-42ed-b9bc-3712d914a3fc,DFW-1-06926-ac
2026-04-29T14:52:15.771Z,update,22507315-ab64-4cc0-97a9-0cae0c9d6d03,TR-0638,Vitruvian West,normalize_project_type_from_bid_board_project_number,,,service,99d6f95c-37de-4b58-83f8-49bd6c733f78,DFW-4-08926-ac
2026-04-29T14:52:15.771Z,update,be155b34-763b-479c-a79d-97a4e918a32d,TR-0548,Monarch Pass Fire Unit,normalize_project_type_from_bid_board_project_number,,,interior renovation,a3b071ea-ca83-4ff7-b718-413582090253,DFW-2-00526-aa
2026-04-29T14:52:15.771Z,update,5a8b69f1-4828-4406-acfb-718c1d44000a,TR-0439,The Nirvana Laurel Springs,normalize_project_type_from_bid_board_project_number,,,exterior renovation,3502c3c8-eae4-42ed-b9bc-3712d914a3fc,DFW-1-09126-ad
2026-04-29T14:52:15.771Z,update,82f2e3ef-1c77-413e-ad84-23547c6e5c50,TR-0553,White Oaks Estates,normalize_project_type_from_bid_board_project_number,,,roofing,82c4cf72-3830-4506-b8b0-ba52cbbc534c,DFW-3-01226-aa
2026-04-29T14:52:15.771Z,update,6c2fa35c-2a62-4af2-8b58-5091e39e1fdc,TR-0556,Park 220,normalize_project_type_from_bid_board_project_number,,,exterior renovation,3502c3c8-eae4-42ed-b9bc-3712d914a3fc,DFW-1-01426-aa
2026-04-29T14:52:15.771Z,update,4f68f0b8-5e89-436d-915f-f325e0e7be19,TR-0557,The Pointe Apartments,normalize_project_type_from_bid_board_project_number,,,exterior renovation,3502c3c8-eae4-42ed-b9bc-3712d914a3fc,DFW-1-01626-aa
2026-04-29T14:52:15.771Z,update,3f265c34-c799-4ecb-9f99-c4182e276b31,TR-0559,Tides Park Lane,normalize_project_type_from_bid_board_project_number,,,service,99d6f95c-37de-4b58-83f8-49bd6c733f78,DFW-4-03526-ac
2026-04-29T14:52:15.771Z,update,d73ce715-da6a-4cc2-9a0d-57a072940e6a,TR-0562,Tides Park Lane,normalize_project_type_from_bid_board_project_number,,,exterior renovation,3502c3c8-eae4-42ed-b9bc-3712d914a3fc,DFW-1-02226-ae
2026-04-29T14:52:15.771Z,update,fca6e516-5981-43b3-8544-04c6c0f2340c,TR-0563,Highland Meadows,normalize_project_type_from_bid_board_project_number,,,exterior renovation,3502c3c8-eae4-42ed-b9bc-3712d914a3fc,DFW-1-02226-ac
2026-04-29T14:52:15.771Z,update,c1ca5d67-4ee4-4821-ad5b-343f5317a6aa,TR-0440,4123 Cedar Springs,normalize_project_type_from_bid_board_project_number,,,exterior renovation,3502c3c8-eae4-42ed-b9bc-3712d914a3fc,DFW-1-09226-ac
2026-04-29T14:52:15.771Z,update,90c4977f-1249-47eb-95a2-5373d86dc27e,TR-0564,Harmony Luxury Apartments,normalize_project_type_from_bid_board_project_number,,,exterior renovation,3502c3c8-eae4-42ed-b9bc-3712d914a3fc,DFW-1-02026-ac
2026-04-29T14:52:15.771Z,update,bcadb341-a15a-4df2-9727-9e4e07767069,TR-0567,Tides North Dallas,normalize_project_type_from_bid_board_project_number,,,exterior renovation,3502c3c8-eae4-42ed-b9bc-3712d914a3fc,DFW-1-02326-ad
2026-04-29T14:52:15.771Z,update,9cc2cd8c-0921-4e39-8e1a-b812b193c5ba,TR-0571,The Jasmine,normalize_project_type_from_bid_board_project_number,,,exterior renovation,3502c3c8-eae4-42ed-b9bc-3712d914a3fc,DFW-1-02826-aa
2026-04-29T14:52:15.771Z,update,0deffe25-e977-4ca0-927c-fda9b03dfa3c,TR-0577,Anthem Valley Ranch,normalize_project_type_from_bid_board_project_number,,,emergency,294cee42-674e-4628-a2ad-666d199867ed,DFW-7-02926-ak
2026-04-29T14:52:15.771Z,update,e7d2d160-92be-4c9c-a05c-2900c7fd8149,TR-0583,Monarch Pass Roof Repairs,normalize_project_type_from_bid_board_project_number,,,roofing,82c4cf72-3830-4506-b8b0-ba52cbbc534c,DFW-3-03326-ag
2026-04-29T14:52:15.771Z,update,b2ddd63b-2430-42a9-8975-748e804b740c,TR-0585,Enclave on Golden Triangle,normalize_project_type_from_bid_board_project_number,,,service,99d6f95c-37de-4b58-83f8-49bd6c733f78,DFW-4-03626-ap
2026-04-29T14:52:15.771Z,update,8c2252c5-be25-4c1b-816c-e19d4efb8b02,TR-0588,The Jasmine,normalize_project_type_from_bid_board_project_number,,,exterior renovation,3502c3c8-eae4-42ed-b9bc-3712d914a3fc,DFW-1-02826-ab
2026-04-29T14:52:15.771Z,update,7360068e-0f05-4217-a022-ce13bf17a7a7,TR-0590,Northern Cross,normalize_project_type_from_bid_board_project_number,,,emergency,294cee42-674e-4628-a2ad-666d199867ed,DFW-7-02926-ab
2026-04-29T14:52:15.771Z,update,6509a234-a0e7-4278-8e15-e3457853f490,TR-0595,Maple at Med Center,normalize_project_type_from_bid_board_project_number,,,service,99d6f95c-37de-4b58-83f8-49bd6c733f78,DFW-4-04426-ab
2026-04-29T14:52:15.771Z,update,35745bc2-4c18-49b1-b686-21f283cdb481,TR-0614,Cobblestone Apartments,normalize_project_type_from_bid_board_project_number,,,service,99d6f95c-37de-4b58-83f8-49bd6c733f78,DFW-4-06426-af
2026-04-29T14:52:15.771Z,update,43d9c834-b229-44cc-90ff-b74f8a79c9b6,TR-0616,Tides on Timberglen,normalize_project_type_from_bid_board_project_number,,,exterior renovation,3502c3c8-eae4-42ed-b9bc-3712d914a3fc,DFW-1-06526-ab
2026-04-29T14:52:15.771Z,update,d443c5da-1e54-409c-bb72-d6ec57062682,TR-0634,Tides at Highland Meadows,normalize_project_type_from_bid_board_project_number,,,interior renovation,a3b071ea-ca83-4ff7-b718-413582090253,DFW-2-08326-aa
2026-04-29T14:52:15.771Z,update,2521ff5d-9cc0-4472-85fa-a509936d0feb,TR-0635,Monarch Pass,normalize_project_type_from_bid_board_project_number,,,service,99d6f95c-37de-4b58-83f8-49bd6c733f78,DFW-4-08326-aa
2026-04-29T14:52:15.771Z,update,1bd2ceac-bb73-4268-9313-2bb240deb451,TR-0636,The Woods Of Five Mile Creek,normalize_project_type_from_bid_board_project_number,,,exterior renovation,3502c3c8-eae4-42ed-b9bc-3712d914a3fc,DFW-1-08326-ac
2026-04-29T14:52:15.771Z,update,c1bd4d0f-a3fc-4266-9d99-895638c9de0e,TR-0392,Oak Chase fire rebuild,normalize_project_type_from_bid_board_project_number,,,interior renovation,a3b071ea-ca83-4ff7-b718-413582090253,DFW-2-07526-ab
2026-04-29T14:52:15.771Z,update,9ff55444-9244-4dc0-98bd-603522b816f3,TR-0622,Tides on Timberglen,normalize_project_type_from_bid_board_project_number,,,exterior renovation,3502c3c8-eae4-42ed-b9bc-3712d914a3fc,DFW-1-07226-ab
2026-04-29T14:52:15.771Z,update,8cd9763a-4162-4566-87e9-76a52e518aeb,TR-0393,Stephanie Bland house roof,normalize_project_type_from_bid_board_project_number,,,service,99d6f95c-37de-4b58-83f8-49bd6c733f78,DFW-4-07626-aa
2026-04-29T14:52:15.771Z,update,fbb55acd-5904-4da0-a013-508584987d4b,TR-0554,Camelot Apartments,normalize_project_type_from_bid_board_project_number,,,exterior renovation,3502c3c8-eae4-42ed-b9bc-3712d914a3fc,DFW-1-01326-ac
2026-04-29T14:52:15.771Z,update,bf66d2ae-7f24-42ba-98ce-ea741efe51fa,TR-0561,Marabella on Pioneer,normalize_project_type_from_bid_board_project_number,,,exterior renovation,3502c3c8-eae4-42ed-b9bc-3712d914a3fc,DFW-1-02326-ab
2026-04-29T14:52:15.771Z,update,e6b231b5-9082-4c1f-8764-8ac987af9953,TR-0568,Tides on Highland Meadows,normalize_project_type_from_bid_board_project_number,,,exterior renovation,3502c3c8-eae4-42ed-b9bc-3712d914a3fc,DFW-1-02626-ab
2026-04-29T14:52:15.771Z,update,ac5b80f7-1d06-4fb9-a0a3-02413d3b901d,TR-0575,Highlands Vista- Laurel Pines Exterior,normalize_project_type_from_bid_board_project_number,,,exterior renovation,3502c3c8-eae4-42ed-b9bc-3712d914a3fc,DFW-1-02926-ah
2026-04-29T14:52:15.771Z,update,9701d303-21ed-442f-88e1-55777b8df53e,TR-0589,Tides on Avril,normalize_project_type_from_bid_board_project_number,,,service,99d6f95c-37de-4b58-83f8-49bd6c733f78,DFW-4-04026-ac
2026-04-29T14:52:15.771Z,update,4f85c02c-9318-4baa-9162-1f072621d357,TR-0610,Tides on Timberglen,normalize_project_type_from_bid_board_project_number,,,interior renovation,a3b071ea-ca83-4ff7-b718-413582090253,DFW-2-06226-af
2026-04-29T14:52:15.771Z,update,e9ad1ae9-b1d8-419e-9ddc-00e5ac09ddd8,TR-0360,Tides Park,normalize_project_type_from_bid_board_project_number,,,service,99d6f95c-37de-4b58-83f8-49bd6c733f78,DFW-4-06326-aj
2026-04-29T14:52:15.771Z,update,37cc35e6-4d76-450c-9c6a-9384495d2898,TR-0361,Tides on Timberglen,normalize_project_type_from_bid_board_project_number,,,service,99d6f95c-37de-4b58-83f8-49bd6c733f78,DFW-4-06326-al
2026-04-29T14:52:15.771Z,update,8a2ed8c1-47eb-4920-bfc8-5b17dfa52d68,TR-0366,Tides Royal lane north,normalize_project_type_from_bid_board_project_number,,,service,99d6f95c-37de-4b58-83f8-49bd6c733f78,DFW-4-06426-ai
2026-04-29T14:52:15.771Z,update,c73f23f8-4766-4eff-9e0c-21445c153c16,TR-0367,Tides Royal Lane North,normalize_project_type_from_bid_board_project_number,,,service,99d6f95c-37de-4b58-83f8-49bd6c733f78,DFW-4-06426-ac
2026-04-29T14:52:15.771Z,update,ae03b37a-cd59-4291-8ad0-ff57a4392607,TR-0370,Elan at Bluffview,normalize_project_type_from_bid_board_project_number,,,service,99d6f95c-37de-4b58-83f8-49bd6c733f78,DFW-4-06426-ak
2026-04-29T14:52:15.771Z,update,76573479-06bc-4445-8bcf-b98d82b8823c,TR-0371,Tides Park Lane,normalize_project_type_from_bid_board_project_number,,,service,99d6f95c-37de-4b58-83f8-49bd6c733f78,DFW-4-06526-ac
2026-04-29T14:52:15.771Z,update,68555063-bb96-494b-a610-1d27206a01c5,TR-0374,The Arcadian at victory park,normalize_project_type_from_bid_board_project_number,,,service,99d6f95c-37de-4b58-83f8-49bd6c733f78,DFW-4-06926-ad
2026-04-29T14:52:15.771Z,update,e0b5e8a7-7fc3-41d7-bcab-1d14f2bf1e35,TR-0375,4123 Cedar Springs,normalize_project_type_from_bid_board_project_number,,,service,99d6f95c-37de-4b58-83f8-49bd6c733f78,DFW-4-06926-af
2026-04-29T14:52:15.771Z,update,5d30c8be-c3e6-49ac-ac9a-6e14b28f38e1,TR-0376,Tides Park Lane,normalize_project_type_from_bid_board_project_number,,,service,99d6f95c-37de-4b58-83f8-49bd6c733f78,DFW-4-06926-ae
2026-04-29T14:52:15.771Z,update,21df8bf2-050f-4d8a-8a35-834d7bddc758,TR-0377,Tides on Royal Lane North,normalize_project_type_from_bid_board_project_number,,,service,99d6f95c-37de-4b58-83f8-49bd6c733f78,DFW-4-07026-ac
2026-04-29T14:52:15.771Z,update,8c10e934-91cf-4591-b117-b40dadf5f391,TR-0415,Tides Park Lane,normalize_project_type_from_bid_board_project_number,,,service,99d6f95c-37de-4b58-83f8-49bd6c733f78,DFW-4-08426-ab
2026-04-29T14:52:15.771Z,update,24b50699-4c8b-45f5-b662-dc2c9a39a889,TR-0417,Tides Park Lane,normalize_project_type_from_bid_board_project_number,,,service,99d6f95c-37de-4b58-83f8-49bd6c733f78,DFW-4-08626-ac
2026-04-29T14:52:15.771Z,update,a19f0a91-28cd-4d72-9971-a97e9f5d9d57,TR-0651,abcd v1,normalize_project_type_from_bid_board_project_number,,,development,9bde461f-6d71-4f3d-85ce-4e450005b00b,DFW-8-09226-an
2026-04-29T14:52:15.771Z,update,cffa79c4-7fe5-4320-b5b5-06d1c56804c2,TR-0322,The Arcadian at Victory Park,normalize_project_type_from_bid_board_project_number,,,service,99d6f95c-37de-4b58-83f8-49bd6c733f78,DFW-4-04326-ab
2026-04-29T14:52:15.771Z,update,52c3e210-afa1-4054-b6fc-ce2b7b0fb50e,TR-0180,Garland Earthworks Office Demo,normalize_project_type_from_bid_board_project_number,,,service,99d6f95c-37de-4b58-83f8-49bd6c733f78,DFW-4-29825-aa
2026-04-29T14:52:15.771Z,update,789bc762-e961-4a5b-bc61-02e38de14eab,TR-0354,Tides on Hulen,normalize_project_type_from_bid_board_project_number,,,service,99d6f95c-37de-4b58-83f8-49bd6c733f78,DFW-4-05826-ab
2026-04-29T14:52:15.771Z,update,dc6c8198-9fbe-4299-9929-80aa8e8ee526,TR-0364,Tides Park Lane,normalize_project_type_from_bid_board_project_number,,,service,99d6f95c-37de-4b58-83f8-49bd6c733f78,DFW-4-06426-ab
2026-04-29T14:52:15.771Z,update,002cf5a5-6a61-4a1f-bc24-87044973c00d,TR-0093,Tides on Timberglen,normalize_project_type_from_bid_board_project_number,,,interior renovation,a3b071ea-ca83-4ff7-b718-413582090253,DFW-2-02326-aa
2026-04-29T14:52:15.771Z,update,337cffaa-9201-4154-b5b0-42419c756606,TR-0238,Royal Oaks Victoria Francis #218 DEMO,normalize_project_type_from_bid_board_project_number,,,interior renovation,a3b071ea-ca83-4ff7-b718-413582090253,DFW-2-00726-ab
2026-04-29T14:52:15.771Z,update,426f1b29-9042-4601-b17d-be942629e7f5,TR-0243,4123 Cedar Springs,normalize_project_type_from_bid_board_project_number,,,service,99d6f95c-37de-4b58-83f8-49bd6c733f78,DFW-4-03326-ab
2026-04-29T14:52:15.771Z,update,5f7b312e-f1b0-469b-8e1f-6286642b2436,TR-0256,Retreat @ 3737,normalize_project_type_from_bid_board_project_number,,,service,99d6f95c-37de-4b58-83f8-49bd6c733f78,DFW-4-02926-af
2026-04-29T14:52:15.771Z,update,e6a05877-7bc2-4208-b39c-db2245460d79,TR-0263,Jove,normalize_project_type_from_bid_board_project_number,,,service,99d6f95c-37de-4b58-83f8-49bd6c733f78,DFW-4-02226-ab
2026-04-29T14:52:15.771Z,update,23e0ba02-2af0-4b72-adab-d8c0875f545e,TR-0264,Rise Spring Pointe,normalize_project_type_from_bid_board_project_number,,,service,99d6f95c-37de-4b58-83f8-49bd6c733f78,DFW-4-02026-ab
2026-04-29T14:52:15.771Z,update,b1d76761-827f-4410-b754-67b2cf39ef97,TR-0269,Tides on Avril,normalize_project_type_from_bid_board_project_number,,,service,99d6f95c-37de-4b58-83f8-49bd6c733f78,DFW-4-02226-aa
2026-04-29T14:52:15.771Z,update,78c8251e-6972-4984-8acb-d8f92a863f3a,TR-0403,Tides Royal Lane South,normalize_project_type_from_bid_board_project_number,,,service,99d6f95c-37de-4b58-83f8-49bd6c733f78,DFW-4-07726-ai
2026-04-29T14:52:15.771Z,update,9c5066d7-54a4-407f-b07e-a6fa9cd15af7,TR-0409,Tides Park Lane,normalize_project_type_from_bid_board_project_number,,,service,99d6f95c-37de-4b58-83f8-49bd6c733f78,DFW-4-07926-aa
2026-04-29T14:52:15.771Z,update,a02c2b16-8f08-4020-b1e6-b4753de03533,TR-0642,4123 Cedar Springs,normalize_project_type_from_bid_board_project_number,,,service,99d6f95c-37de-4b58-83f8-49bd6c733f78,DFW-4-08626-ae
2026-04-29T14:52:15.771Z,update,16741c5d-68dc-4af3-9bda-de81d86985ce,TR-0290,301 flower mound,normalize_project_type_from_bid_board_project_number,,,service,99d6f95c-37de-4b58-83f8-49bd6c733f78,DFW-4-02926-ae
2026-04-29T14:52:15.771Z,update,eca47b19-4a3e-4fd5-be29-86d775c2775d,TR-0297,Lyra on Mckinney,normalize_project_type_from_bid_board_project_number,,,service,99d6f95c-37de-4b58-83f8-49bd6c733f78,DFW-4-04426-aa
2026-04-29T14:52:15.771Z,update,b0202010-fcb5-4357-b13b-dca65da85c81,TR-0305,Tides Park Lane,normalize_project_type_from_bid_board_project_number,,,service,99d6f95c-37de-4b58-83f8-49bd6c733f78,DFW-4-02026-aa
2026-04-29T14:52:15.771Z,update,2f8afff1-f7b6-4b18-9029-43b0af7d98a4,TR-0314,Tides Park Lane,normalize_project_type_from_bid_board_project_number,,,service,99d6f95c-37de-4b58-83f8-49bd6c733f78,DFW-4-04126-aa
2026-04-29T14:52:15.771Z,update,63189417-3aa7-4957-acfd-c9a69aa5dc5e,TR-0317,The Arcadian at Victory Park,normalize_project_type_from_bid_board_project_number,,,service,99d6f95c-37de-4b58-83f8-49bd6c733f78,DFW-4-04326-ac
2026-04-29T14:52:15.771Z,update,e9fdb73d-0daf-429a-8ce3-83c4809fea3f,TR-0318,Deep Deuce Apartments,normalize_project_type_from_bid_board_project_number,,,service,99d6f95c-37de-4b58-83f8-49bd6c733f78,DFW-4-05026-aa
2026-04-29T14:52:15.771Z,update,21efc508-3b4f-41d6-86ee-7b3f12a28a9a,TR-0342,Trails of Whiterock,normalize_project_type_from_bid_board_project_number,,,exterior renovation,3502c3c8-eae4-42ed-b9bc-3712d914a3fc,DFW-1-05426-aj
2026-04-29T14:52:15.771Z,update,a68547e1-3a31-47e6-8bcc-000bfca96f23,TR-0345,Rise Highland Meadows,normalize_project_type_from_bid_board_project_number,,,service,99d6f95c-37de-4b58-83f8-49bd6c733f78,DFW-4-05526-ac
2026-04-29T14:52:15.771Z,update,4363bf93-d20e-4f9d-b648-ce231232b321,TR-0353,Tides on Westcreek,normalize_project_type_from_bid_board_project_number,,,service,99d6f95c-37de-4b58-83f8-49bd6c733f78,DFW-4-05826-ac
2026-04-29T14:52:15.771Z,update,917ee2e9-c85d-4387-b15e-ed28d8160482,TR-0355,Reserve at Whiterock,normalize_project_type_from_bid_board_project_number,,,exterior renovation,3502c3c8-eae4-42ed-b9bc-3712d914a3fc,DFW-1-06126-aa
2026-04-29T14:52:15.771Z,update,ca1866f9-79d5-46ab-97a7-2a4622f24185,TR-0359,Waters Park Apartments,normalize_project_type_from_bid_board_project_number,,,exterior renovation,3502c3c8-eae4-42ed-b9bc-3712d914a3fc,DFW-1-06326-ae
2026-04-29T14:52:15.771Z,update,b808f1df-0e48-43b0-887c-ee94e60b8524,TR-0384,The Avenue Apartments,normalize_project_type_from_bid_board_project_number,,,service,99d6f95c-37de-4b58-83f8-49bd6c733f78,DFW-4-07126-aa
2026-04-29T14:52:15.771Z,update,c3769662-56b0-4956-bc27-eed255ec831e,TR-0388,Tides Park Lane,normalize_project_type_from_bid_board_project_number,,,service,99d6f95c-37de-4b58-83f8-49bd6c733f78,DFW-4-07326-aa
2026-04-29T14:52:15.771Z,update,2fb0dd49-f0ec-43bb-a9ab-7f87efbb3072,TR-0389,Watermere at Mansfield,normalize_project_type_from_bid_board_project_number,,,service,99d6f95c-37de-4b58-83f8-49bd6c733f78,DFW-4-07726-ae
2026-04-29T14:52:15.771Z,update,3a14a302-e414-49ba-93ad-1af9acf4e0e5,TR-0395,LIV on the Green,normalize_project_type_from_bid_board_project_number,,,service,99d6f95c-37de-4b58-83f8-49bd6c733f78,DFW-4-07726-ac
2026-04-29T14:52:15.772Z,update,2fddf0d9-6c50-4d9e-91e7-0f24ff1ff21b,TR-0396,Tides Park Lane,normalize_project_type_from_bid_board_project_number,,,service,99d6f95c-37de-4b58-83f8-49bd6c733f78,DFW-4-07526-af
2026-04-29T14:52:15.772Z,update,70095028-46d6-4a31-b973-901ae26c500b,TR-0397,Tides Royal Lane North,normalize_project_type_from_bid_board_project_number,,,service,99d6f95c-37de-4b58-83f8-49bd6c733f78,DFW-4-07526-ac
2026-04-29T14:52:15.772Z,update,01497007-f0ac-438f-83d6-78d721a9dfb0,TR-0398,Tides Royal Lane South,normalize_project_type_from_bid_board_project_number,,,service,99d6f95c-37de-4b58-83f8-49bd6c733f78,DFW-4-07526-ad
2026-04-29T14:52:15.772Z,update,6e13a340-5ef5-4b45-b894-afe94e246dbc,TR-0399,Rise Heather Ridge,normalize_project_type_from_bid_board_project_number,,,service,99d6f95c-37de-4b58-83f8-49bd6c733f78,DFW-4-07526-ae
2026-04-29T14:52:15.772Z,update,0a475f00-e32f-411a-b79a-8855a3139f8c,TR-0404,4123 Cedar Springs,normalize_project_type_from_bid_board_project_number,,,service,99d6f95c-37de-4b58-83f8-49bd6c733f78,DFW-4-07826-aa
2026-04-29T14:52:15.772Z,update,26345538-94e4-4b57-8f7a-50d19df9d91a,TR-0406,The Arcadian at Victory Park,normalize_project_type_from_bid_board_project_number,,,service,99d6f95c-37de-4b58-83f8-49bd6c733f78,DFW-4-07826-ab
2026-04-29T14:52:15.772Z,update,dcf08f2d-2575-4022-a6d9-def59cdbfe89,TR-0408,4123 cedar springs,normalize_project_type_from_bid_board_project_number,,,service,99d6f95c-37de-4b58-83f8-49bd6c733f78,DFW-4-07926-ab
2026-04-29T14:52:15.772Z,update,7302a29b-fe6c-4ab6-a3af-3b36cab75bd8,TR-0430,Tides park lane,normalize_project_type_from_bid_board_project_number,,,service,99d6f95c-37de-4b58-83f8-49bd6c733f78,DFW-4-08926-ag
2026-04-29T14:52:15.772Z,update,7bfbc673-79e4-442c-af51-2e8bd51b1881,TR-0421,Biltmore,normalize_project_type_from_bid_board_project_number,,,service,99d6f95c-37de-4b58-83f8-49bd6c733f78,DFW-4-08926-af
2026-04-29T14:52:15.772Z,update,c5d07481-dd70-41aa-8012-c42d9cfdf0c2,TR-0581,Tides on Park Lane,normalize_project_type_from_bid_board_project_number,,,service,99d6f95c-37de-4b58-83f8-49bd6c733f78,DFW-4-03226-aa
2026-04-29T14:52:15.772Z,update,e94c388c-a1ea-4eb5-9e36-1a6b40c051ec,TR-0591,The Arcadian at Victory Park,normalize_project_type_from_bid_board_project_number,,,service,99d6f95c-37de-4b58-83f8-49bd6c733f78,DFW-4-04926-ad
2026-04-29T14:52:15.772Z,update,367a95d1-98a8-4ed8-bba0-44a2305bf21c,TR-0606,Summerwood Apartments,normalize_project_type_from_bid_board_project_number,,,exterior renovation,3502c3c8-eae4-42ed-b9bc-3712d914a3fc,DFW-1-05426-ai
2026-04-29T14:52:15.772Z,update,de930440-74ec-4346-b376-6dc88d86b0b9,TR-0615,The Arcadian,normalize_project_type_from_bid_board_project_number,,,service,99d6f95c-37de-4b58-83f8-49bd6c733f78,DFW-4-06426-aj
2026-04-29T14:52:15.772Z,update,a22e0eac-8271-445c-83ba-fbec3c959f9b,TR-0620,Tides Royal Lane North,normalize_project_type_from_bid_board_project_number,,,service,99d6f95c-37de-4b58-83f8-49bd6c733f78,DFW-4-07026-ad
2026-04-29T14:52:15.772Z,update,9a33abd6-55d8-4c29-ab96-64cdcf21593c,TR-0627,Montage Southside,normalize_project_type_from_bid_board_project_number,,,service,99d6f95c-37de-4b58-83f8-49bd6c733f78,DFW-4-07726-ab
2026-04-29T14:52:15.772Z,update,2cb3369d-0e40-449e-a11e-a95d107f295f,TR-0441,Rise Gateway,normalize_project_type_from_bid_board_project_number,,,service,99d6f95c-37de-4b58-83f8-49bd6c733f78,DFW-4-09126-af
2026-04-29T14:52:15.772Z,update,e872d9d9-170f-4fea-8cf4-7a607849bd78,TR-0600,Discovery at Realm,normalize_project_type_from_bid_board_project_number,,,service,99d6f95c-37de-4b58-83f8-49bd6c733f78,DFW-4-04826-ac
2026-04-29T14:52:15.772Z,update,992ea931-44a4-41e7-947b-4d5e647bb3cb,TR-0623,Rayside (Lake Village,normalize_project_type_from_bid_board_project_number,,,exterior renovation,3502c3c8-eae4-42ed-b9bc-3712d914a3fc,DFW-1-07526-aa
2026-04-29T14:52:15.772Z,update,ee2a995a-a088-4cdb-b560-6f23b69b4214,TR-0626,River Park Apartments,normalize_project_type_from_bid_board_project_number,,,exterior renovation,3502c3c8-eae4-42ed-b9bc-3712d914a3fc,DFW-1-07626-ae
2026-04-29T14:52:15.772Z,update,f6988827-815e-4a5e-8d36-a0b8ca1c6aa0,TR-0630,Highland Meadows,normalize_project_type_from_bid_board_project_number,,,exterior renovation,3502c3c8-eae4-42ed-b9bc-3712d914a3fc,DFW-1-07726-af
2026-04-29T14:52:15.772Z,update,9d30a7b0-189a-4cfb-a298-75f3362ac16a,TR-0039,Biltmore,normalize_project_type_from_bid_board_project_number,,,service,99d6f95c-37de-4b58-83f8-49bd6c733f78,DFW-4-06226-ad
2026-04-29T14:52:15.772Z,update,808a923d-ba54-4e29-bd50-6a656e1f20bf,TR-0152,Anthem Valley Ranch,normalize_project_type_from_bid_board_project_number,,,service,99d6f95c-37de-4b58-83f8-49bd6c733f78,DFW-4-06626-aa
2026-04-29T14:52:15.772Z,update,057700dd-4e9e-4489-816c-67e6d2155cfa,TR-0449,4123 Cedar Springs,normalize_project_type_from_bid_board_project_number,,,service,99d6f95c-37de-4b58-83f8-49bd6c733f78,DFW-4-09226-ap
2026-04-29T14:52:15.772Z,update,4537262b-19bf-4c2c-b88d-0b5500721742,TR-0442,april11036,normalize_project_type_from_bid_board_project_number,,,commercial,d2b04f5b-1685-447e-bf38-08974f1b4363,DFW-5-09226-ab
2026-04-29T14:52:15.772Z,update,f6913d11-3c42-47b7-b1f8-f1737831c9b6,TR-0617,Anthem Valley Ranch,normalize_project_type_from_bid_board_project_number,,,service,99d6f95c-37de-4b58-83f8-49bd6c733f78,DFW-4-06926-aa
2026-04-29T14:52:15.772Z,update,1fe1a9f1-d367-4a99-a8d4-959b85373a7e,TR-0631,Rise West Arlington,normalize_project_type_from_bid_board_project_number,,,service,99d6f95c-37de-4b58-83f8-49bd6c733f78,DFW-4-07926-ad
2026-04-29T14:52:15.772Z,update,253374b1-67df-480f-b475-470b5df042e8,TR-0632,Tides Park Lane,normalize_project_type_from_bid_board_project_number,,,service,99d6f95c-37de-4b58-83f8-49bd6c733f78,DFW-4-08226-ad
2026-04-29T14:52:15.772Z,update,1ede0274-97db-4a62-acc6-8569f575763e,TR-0639,Tides Royal Lane North,normalize_project_type_from_bid_board_project_number,,,service,99d6f95c-37de-4b58-83f8-49bd6c733f78,DFW-4-08626-af
2026-04-29T14:52:15.772Z,update,1bfda2f3-fea4-4476-8f16-337f53bb053d,TR-0358,Princeton Court,normalize_project_type_from_bid_board_project_number,,,exterior renovation,3502c3c8-eae4-42ed-b9bc-3712d914a3fc,DFW-1-06326-ac
2026-04-29T14:52:15.772Z,update,5d532794-6ca6-4488-b364-360ce99a7dba,TR-0435,ete v20 test project,normalize_project_type_from_bid_board_project_number,,,roofing,82c4cf72-3830-4506-b8b0-ba52cbbc534c,DFW-3-09126-ac
