tenant,deal_id,hubspot_deal_id,action,reason,old_value,new_value,collision_deal_id,collision_hubspot_deal_id
office_dallas,00f7c38a-f84e-5fcd-8bf5-99d1e94f1e0f,321685825253,UPDATE,canonical preserved project_number,,ATL-4-11126-aa,,
office_dallas,01600d50-34b6-531f-b4f7-67cb0348f616,276777157317,UPDATE,canonical preserved project_number,,DFW-5-02826-ac,,
office_dallas,03ade023-a470-5112-965a-3d291948a455,320343444217,UPDATE,canonical preserved project_number,,DFW-4-09926-ad,,
office_dallas,044e2641-c202-59c5-ad76-e78eac799c8f,277845811951,UPDATE,canonical preserved project_number,,DFW-7-02926-ab,,
office_dallas,0585db29-3230-5995-a1fa-5352ac683da5,320535847662,UPDATE,canonical preserved project_number,,DFW-4-10326-ai,,
office_dallas,075ff48e-eb75-5fd7-8ad0-96fc067a7d1e,285661468367,UPDATE,canonical preserved project_number,,DFW-4-03626-am,,
office_dallas,076e4c0a-9c2b-59b2-84fe-7de386a913a6,320623110859,UPDATE,canonical preserved project_number,,DFW-4-10426-ab,,
office_dallas,07c015c3-8bf6-5770-921b-73058ada9625,320833839829,UPDATE,canonical preserved project_number,,DFW-4-10326-ah,,
office_dallas,0a10246e-2761-59de-b686-413a5354dc46,318186066630,UPDATE,canonical preserved project_number,,DFW-4-08926-ac,,
office_dallas,0a3e547a-c891-5963-a67a-7ada9cebdb1f,272715894483,UPDATE,canonical preserved project_number,,DFW-1-02626-ab,,
office_dallas,0a95577a-ccf7-536b-bcf9-5521888257a1,300329686765,UPDATE,canonical preserved project_number,,DFW-2-05126-aa,,
office_dallas,0a971220-76cd-5a1a-995f-4124ddcb95d8,309979423458,UPDATE,canonical preserved project_number,,DFW-1-06226-ab,,
office_dallas,0ab56ed2-f569-552b-9dd6-370ff764123d,38465598722,UPDATE,canonical preserved project_number,,DFW-1-21725-aa,,
office_dallas,0b16f161-b574-565c-9a90-074d43a4e289,234789351156,UPDATE,canonical preserved project_number,,ATL-2-34025-aa,,
office_dallas,0b4c620a-80fc-537c-a5dc-e30487dad27f,269389222593,UPDATE,canonical preserved project_number,,DFW-4-02226-ab,,
office_dallas,0c14715e-cd00-5140-8956-a17c3bcc2e2f,320622989025,UPDATE,canonical preserved project_number,,DFW-4-10326-ae,,
office_dallas,0c653e60-be73-5abf-a2dc-1ad018637e6a,305429947125,UPDATE,canonical preserved project_number,,DFW-4-05526-af,,
office_dallas,0ec80d98-6190-5851-8274-d1ed425531a2,292827992794,UPDATE,canonical preserved project_number,,DFW-4-04126-aa,,
office_dallas,0ed7d709-86b3-5d3c-a359-fef7e4a0cb76,272715728588,UPDATE,canonical preserved project_number,,DFW-1-02326-aj,,
office_dallas,10349924-fc34-510e-a4b8-40484d11d749,315799593659,UPDATE,canonical preserved project_number,,DFW-4-06926-ad,,
office_dallas,10658d6d-8b48-5a51-a2bb-f2292e536369,312553355979,UPDATE,canonical preserved project_number,,DFW-4-06426-ad,,
office_dallas,10bb716d-b8a3-55c8-bae9-96e9ef0fbb8e,323526083316,UPDATE,canonical preserved project_number,,DFW-4-12126-ab,,
office_dallas,10c908a4-8a04-5670-ac15-2c3c0338577c,319309870822,UPDATE,canonical preserved project_number,,DFW-4-09326-af,,
office_dallas,11910f58-3b0f-5b97-903a-fd9c9d0143b5,271450822362,UPDATE,canonical preserved project_number,,DFW-4-02226-aa,,
office_dallas,1289202a-d0c1-5193-b8c0-612b3feab2d1,269389132488,UPDATE,canonical preserved project_number,,DFW-1-02126-ae,,
office_dallas,131a6a87-b4fc-57e7-a16d-edf052295e66,318537199304,UPDATE,canonical preserved project_number,,DFW-4-08926-ai,,
office_dallas,131db2fc-2c34-5de0-b2e4-305f83752609,317995509444,UPDATE,canonical preserved project_number,,DFW-2-08526-aa,,
office_dallas,139d373d-0a80-507c-976a-726965b055ea,316930178772,UPDATE,canonical preserved project_number,,DFW-4-07726-ai,,
office_dallas,1407ffbe-dcbf-5401-972c-da2541654505,311950626528,UPDATE,canonical preserved project_number,,DFW-4-06426-ab,,
office_dallas,14343f30-20c5-515e-854e-ac671afea4c4,305110954691,UPDATE,canonical preserved project_number,,DFW-4-05526-ac,,
office_dallas,1594c45e-8ffa-5fa3-b089-52e976ac3a5e,318530712265,UPDATE,canonical preserved project_number,,DFW-4-08926-af,,
office_dallas,164bd91b-174a-5b99-a898-4b67dd33c6dd,321011905255,UPDATE,canonical preserved project_number,,DFW-4-10626-aa,,
office_dallas,17972b4b-1c7f-5c94-81a0-ddb6efa1abb6,319373521626,UPDATE,canonical preserved project_number,,DFW-4-09326-ag,,
office_dallas,17f8009f-d711-56b9-8808-1b7f47b7ba81,278368357080,UPDATE,canonical preserved project_number,,DFW-7-02926-ak,,
office_dallas,190b81b6-3a6a-5cfd-a627-223243e81d65,318902044387,UPDATE,canonical preserved project_number,,DFW-1-09026-ai,,
office_dallas,191ed8d1-183e-50f8-aeaa-4ce959b6815c,277854579439,UPDATE,canonical preserved project_number,,DFW-4-02926-ad,,
office_dallas,192395b2-ada1-58fd-8ec0-52a29e74ce9c,322269410002,UPDATE,canonical preserved project_number,,DFW-4-11426-aa,,
office_dallas,19bdeb86-87b6-56af-ba6c-32f8af75d765,320622288580,UPDATE,canonical preserved project_number,,DFW-3-10326-ad,,
office_dallas,1a0b3410-0d9b-5907-90de-64d0883c8972,323527002842,UPDATE,canonical preserved project_number,,DFW-4-12426-aa,,
office_dallas,1a5bd244-d5ed-514e-9ecb-0c7ac37f2f96,322923638464,UPDATE,canonical preserved project_number,,DFW-4-11726-ac,,
office_dallas,1aa935d0-4e10-596d-914a-13960bd1d7b3,323641645783,UPDATE,canonical preserved project_number,,DFW-4-12526-af,,
office_dallas,1b4d5f0e-7a9d-56ff-a829-deab76afd6bd,279689714386,UPDATE,canonical preserved project_number,,ATL-1-03026-ac,,
office_dallas,1b61087d-83d0-56d3-8547-f220ee3ffb94,321440797370,UPDATE,canonical preserved project_number,,DFW-4-11026-aa,,
office_dallas,1be87eed-cad4-545f-b738-91f1e67d782b,256863910610,UPDATE,canonical preserved project_number,,DFW-2-00726-ab,,
office_dallas,1c3679ce-8e57-5c3a-859a-2692d529f296,293076271864,UPDATE,canonical preserved project_number,,DFW-2-04126-ad,,
office_dallas,1c694393-8726-583e-9754-93c484d72b60,260627908314,UPDATE,canonical preserved project_number,,DFW-1-01326-aa,,
office_dallas,1cad0a9f-02fd-544d-9271-9e9873bcd2de,311546866423,UPDATE,canonical preserved project_number,,DFW-1-06326-ag,,
office_dallas,1e2ec102-dff7-57eb-bec8-8a218818c823,316076302043,UPDATE,canonical preserved project_number,,DFW-4-07026-ag,,
office_dallas,1e69f067-b385-52f3-adbd-cca9691b1179,294977063655,UPDATE,canonical preserved project_number,,DFW-4-04326-ac,,
office_dallas,1f18e78c-4bfb-5ab5-970d-e65564893771,310402334400,UPDATE,canonical preserved project_number,,DFW-4-06226-ae,,
office_dallas,1f65a7b9-d845-5b39-82ab-b75ae9e7f4d7,320340607692,UPDATE,canonical preserved project_number,,DFW-4-09926-aj,,
office_dallas,217c572b-680a-550f-b8da-7fd3c8604a5a,305432086211,UPDATE,canonical preserved project_number,,DFW-4-05526-ag,,
office_dallas,21867ad5-599e-524d-b65f-968bcb39b4a1,316930993885,UPDATE,canonical preserved project_number,,DFW-4-07826-ae,,
office_dallas,224b8ce1-859f-5166-b81f-20daa74a0222,310409546431,UPDATE,canonical preserved project_number,,DFW-1-06226-ag,,
office_dallas,2326781b-e5b5-54ef-a760-def6ab4dbce8,310419020493,UPDATE,canonical preserved project_number,,DFW-4-06226-ad,,
office_dallas,23719741-37aa-5cb9-aa65-717d8555c656,316634100467,UPDATE,canonical preserved project_number,,DFW-1-07626-ac,,
office_dallas,238f96d6-9901-57b1-b919-ff31da4a6445,320334086895,UPDATE,canonical preserved project_number,,DFW-4-09926-ae,,
office_dallas,242567ec-af58-5895-9867-b71e0c0a8efd,304628223699,UPDATE,canonical preserved project_number,,DFW-4-05626-ab,,
office_dallas,251f99f2-2fe8-5220-89fc-928015cc1bfb,272713552617,UPDATE,canonical preserved project_number,,ATL-4-02326-aa,,
office_dallas,25fa7479-e384-51fb-aecf-06a980fc5928,39256851891,UPDATE,canonical preserved project_number,,DFW-9-00526-aa,,
office_dallas,271440d3-17c1-5e1e-b773-4171266169b0,316261977834,UPDATE,canonical preserved project_number,,DFW-1-07526-aa,,
office_dallas,28de9986-488c-5b27-96e1-0a950dd0e3e7,323517840079,UPDATE,canonical preserved project_number,,DFW-4-12626-ae,,
office_dallas,2968f6ac-8b35-5160-a7c1-80578b04e0a6,323519357633,UPDATE,canonical preserved project_number,,DFW-4-12726-ab,,
office_dallas,29998642-178d-5bf9-b277-17ac18850490,275198533356,UPDATE,canonical preserved project_number,,DFW-7-02726-ae,,
office_dallas,2a145c91-8469-5b37-b8da-2eac50716974,316634162882,UPDATE,canonical preserved project_number,,DFW-1-07726-ad,,
office_dallas,2a59531f-a359-5f01-9fcb-8890b0b0c017,273338607345,UPDATE,canonical preserved project_number,,DFW-1-02326-af,,
office_dallas,2ada8d70-2508-5f55-a3b1-cae8bc0177f0,300331161303,UPDATE,canonical preserved project_number,,DFW-4-05126-ab,,
office_dallas,2b708ecb-f019-5ed2-9ba7-1ff15980791e,316625530589,UPDATE,canonical preserved project_number,,DFW-1-07626-ae,,
office_dallas,2d4ce67a-e7a3-5e5e-ae7f-096c1cad6c16,269511773931,UPDATE,canonical preserved project_number,,DFW-1-02026-ac,,
office_dallas,2d50297f-91d3-5d2c-b385-c58a9475febb,322467167974,UPDATE,canonical preserved project_number,,DFW-4-11426-af,,
office_dallas,2d57e7af-9c12-5587-9911-97646f3d8230,283604451039,UPDATE,canonical preserved project_number,,DFW-1-03326-aj,,
office_dallas,2d767469-27e0-5780-8c9b-d1dff4cddc35,323527105212,UPDATE,canonical preserved project_number,,DFW-2-12526-ag,,
office_dallas,2e5e1a4f-f06b-5a19-a86e-622524661d13,294160115414,UPDATE,canonical preserved project_number,,ATL-2-04226-ad,,
office_dallas,2fa4dcae-30f8-57ba-9420-89f0364d9f1e,323230324441,UPDATE,canonical preserved project_number,,DFW-1-12026-ac,,
office_dallas,2fa50480-97ff-59c8-bc77-60f4f75705ec,322910765816,UPDATE,canonical preserved project_number,,DFW-4-11926-ad,,
office_dallas,2ff576dc-f5ad-5912-a86d-432e6e420108,313732249283,UPDATE,canonical preserved project_number,,DFW-1-06526-ab,,
office_dallas,311980e0-c65c-579b-823b-c0cc7e08285c,318651318970,UPDATE,canonical preserved project_number,,DFW-1-09026-ad,,
office_dallas,314909dd-b7f8-5922-8566-d566feec0e6c,296282070742,UPDATE,canonical preserved project_number,,DFW-4-04426-ab,,
office_dallas,3165bd0c-7a4f-53d5-a930-72235e96306b,267448882892,UPDATE,canonical preserved project_number,,DFW-1-02226-ad,,
office_dallas,31a24fff-c092-5414-96f6-bc408d88d3e8,262368118502,UPDATE,canonical preserved project_number,,DFW-1-01426-aa,,
office_dallas,32022744-730e-58e7-9b1e-a636eddad4fa,318341189328,UPDATE,canonical preserved project_number,,DFW-1-08926-aa,,
office_dallas,322df82a-c261-5fd6-b2c2-520d6abc99a5,316930236129,UPDATE,canonical preserved project_number,,DFW-4-07826-aa,,
office_dallas,3231cad1-a56d-5f73-9e28-c349ceb7ebe1,320836694775,UPDATE,canonical preserved project_number,,DFW-4-10526-ac,,
office_dallas,32abb459-6a12-5b28-b2e9-cf6c196e5d02,316333332154,UPDATE,canonical preserved project_number,,DFW-4-07326-aa,,
office_dallas,337bb1d7-422d-58d3-9d0f-b564a7e0f6b1,275293729528,UPDATE,canonical preserved project_number,,DFW-1-04726-ab,,
office_dallas,339f4904-40d5-5927-b60d-512b895cf608,317994858181,UPDATE,canonical preserved project_number,,DFW-2-08626-ab,,
office_dallas,34fc1763-01de-5019-bc06-2c999dbcb7f6,294210755305,UPDATE,canonical preserved project_number,,DFW-4-04326-ad,,
office_dallas,35e4524d-0f82-543a-b282-44450025e9a3,295236251377,UPDATE,canonical preserved project_number,,DFW-4-04426-aa,,
office_dallas,362efa10-bad9-53ab-b0bb-3ac9fdce2626,318907123403,UPDATE,canonical preserved project_number,,DFW-4-09126-af,,
office_dallas,367ce972-b8d1-5cf0-914f-5e961ccccbf4,267668301531,UPDATE,canonical preserved project_number,,DFW-1-02126-ad,,
office_dallas,371aaf77-0d82-5da8-8670-e977eaf8c5d6,318904206030,UPDATE,canonical preserved project_number,,DFW-4-09026-aj,,
office_dallas,391c9ce5-26f7-5518-9b1d-d00b8c52e7ec,319860772597,UPDATE,canonical preserved project_number,,DFW-1-09726-aa,,
office_dallas,39672aa1-a685-53e6-b431-beee8b777ade,309753599713,UPDATE,canonical preserved project_number,,DFW-2-06226-aa,,
office_dallas,3972ad03-c759-5eb2-a0a6-54bb419bdb06,315212364481,UPDATE,canonical preserved project_number,,DFW-1-06826-aa,,
office_dallas,399e2f29-f028-5606-a37f-09b38580eff3,321765328609,UPDATE,canonical preserved project_number,,DFW-2-11126-aj,,
office_dallas,3a11d546-3887-554b-96ed-db7707701370,316625530574,UPDATE,canonical preserved project_number,,DFW-4-07626-ad,,
office_dallas,3ad35329-51a7-5ba0-973e-bc9b865f0786,39286865285,UPDATE,canonical preserved project_number,,DFW-3-07726-ag,,
office_dallas,3b234bbe-fef3-5e25-bc4e-5d6dd563ee6f,231820857044,UPDATE,canonical preserved project_number,,DFW-2-33625-aa,,
office_dallas,3ca0b6c3-31ec-5a6f-bfc8-afd1d69c0850,272709931717,UPDATE,canonical preserved project_number,,DFW-1-02326-ai,,
office_dallas,3cc80392-e112-5b26-9c70-165ea0b2d022,317791531720,UPDATE,canonical preserved project_number,,DFW-4-08426-ac,,
office_dallas,3db3dc01-4929-5987-9c2a-464d872b454b,317911001791,UPDATE,canonical preserved project_number,,DFW-4-08426-aa,,
office_dallas,3e5f9644-f65c-5a57-a18f-961db6bdfb62,324090630867,UPDATE,canonical preserved project_number,,DFW-4-12626-ag,,
office_dallas,3f786c13-dfef-5c09-be18-e9b9a6350765,272715719357,UPDATE,canonical preserved project_number,,DFW-1-02326-ad,,
office_dallas,405ef9bb-8074-57db-848a-5a71819f0c67,317243890406,UPDATE,canonical preserved project_number,,DFW-4-07926-ac,,
office_dallas,40a1a80b-c957-53e5-8fca-f01277f5411a,304874708699,UPDATE,canonical preserved project_number,,DFW-7-05526-aa,,
office_dallas,43019a64-24b2-5319-85c2-1a83428f69e2,323642346179,UPDATE,canonical preserved project_number,,DFW-3-12526-ab,,
office_dallas,435045d6-6b0d-5ae3-ac24-cec50d69d197,319357333183,UPDATE,canonical preserved project_number,,DFW-1-09326-ah,,
office_dallas,4434fa43-7493-597a-b42e-9d4b82235756,317194130169,UPDATE,canonical preserved project_number,,DFW-4-08226-ad,,
office_dallas,4620a07c-ef18-5fab-9e76-60e84356b466,300443528926,UPDATE,canonical preserved project_number,,DFW-1-04826-af,,
office_dallas,462530f8-836d-5c46-bfaa-be9b69515353,323526812385,UPDATE,canonical preserved project_number,,DFW-4-12126-ae,,
office_dallas,468e0dd1-78b6-5dc2-a160-3bd4edbc0768,316633329345,UPDATE,canonical preserved project_number,,DFW-4-07526-ae,,
office_dallas,46c54902-7198-55c6-9549-30584dc5a706,318226200296,UPDATE,canonical preserved project_number,,DFW-4-08626-af,,
office_dallas,46dbba51-4165-5c77-97f5-c3d09f753aee,321711034098,UPDATE,canonical preserved project_number,,ATL-8-11126-ac,,
office_dallas,47b60348-c8d2-5e2b-8d1e-7b73da540a32,259780885229,UPDATE,canonical preserved project_number,,DFW-1-01326-ac,,
office_dallas,47bac378-ffea-527c-99e5-42e134aa3966,291136357093,UPDATE,canonical preserved project_number,,DFW-2-04026-aa,,
office_dallas,47ef9391-8848-5e3a-84cd-6aab7d44aaf7,320346386132,UPDATE,canonical preserved project_number,,DFW-1-10026-ab,,
office_dallas,489b85c7-6de0-56c9-99fe-9d16bf514ffe,313933683411,UPDATE,canonical preserved project_number,,DFW-4-06626-aa,,
office_dallas,48ddb13c-83f2-5966-afa2-dfba9dbf1a18,320334129855,UPDATE,canonical preserved project_number,,DFW-4-09926-ak,,
office_dallas,48f6fc24-f893-52a3-9faa-ae824052cf02,272423868106,UPDATE,canonical preserved project_number,,DFW-1-02326-ac,,
office_dallas,49280ca5-7f09-5bc6-8dd0-ebb257b4bae5,320347104954,UPDATE,canonical preserved project_number,,DFW-4-10026-ad,,
office_dallas,49498cc8-555a-5010-bc80-386b0d0a407f,317541126868,UPDATE,canonical preserved project_number,,DFW-1-08326-ab,,
office_dallas,495d9c42-c598-575c-ba33-b240f6bf1521,304630199017,UPDATE,canonical preserved project_number,,DFW-1-05426-aj,,
office_dallas,4999857f-bf0f-5871-baed-58d6fe5f6954,278328441569,UPDATE,canonical preserved project_number,,DFW-4-02926-al,,
office_dallas,4a0d4d9d-3145-5da9-a4cd-ac68cc1b8266,316969048795,UPDATE,canonical preserved project_number,,DFW-1-07726-af,,
office_dallas,4a608b16-ca4e-5aeb-b932-849724b79d7f,282383607519,UPDATE,canonical preserved project_number,,DFW-4-03326-ab,,
office_dallas,4a8bf879-7232-5e39-9c8b-a3bd99fa0278,322439801562,UPDATE,canonical preserved project_number,,DFW-4-11426-ac,,
office_dallas,4aa011c6-e008-5826-a26d-82de6f59913f,317437915866,UPDATE,canonical preserved project_number,,DFW-1-08326-aa,,
office_dallas,4ab19431-1219-5e42-9704-e5910f1d7ac8,317997676231,UPDATE,canonical preserved project_number,,DFW-4-08526-ab,,
office_dallas,4ab84772-5978-5ff9-8fa1-c5b43a5aca11,318928928504,UPDATE,canonical preserved project_number,,DFW-1-09026-ah,,
office_dallas,4c791c22-2b88-5d6a-8d1e-16bb416898f8,318538634948,UPDATE,canonical preserved project_number,,DFW-4-08926-ag,,
office_dallas,4d7a2aa0-48b9-5481-bd37-14462edc8cb3,292901652192,UPDATE,canonical preserved project_number,,DFW-4-04126-ae,,
office_dallas,4e2109c0-2638-53d5-9da6-3a050ca54de1,316022485694,UPDATE,canonical preserved project_number,,DFW-2-07026-ae,,
office_dallas,4f00a3e2-a496-5c43-80a7-1c925bb640c8,322465722102,UPDATE,canonical preserved project_number,,DFW-4-11426-ad,,
office_dallas,4f2197d3-f32e-5c33-8239-c4ede4441ad3,312942300871,UPDATE,canonical preserved project_number,,DFW-4-06426-aj,,
office_dallas,4f4c8fc8-85e6-552c-9fcf-86e23c8d6c37,267448896231,UPDATE,canonical preserved project_number,,DFW-1-02026-aa,,
office_dallas,5055b53c-78db-56d9-85aa-cdcadc4c3b05,320498405110,UPDATE,canonical preserved project_number,,DFW-4-10026-af,,
office_dallas,50e5d55a-600f-5106-a859-bb59d42b3499,277231044288,UPDATE,canonical preserved project_number,,DFW-4-02926-af,,
office_dallas,5128eb33-6e8b-5a8d-8ee9-5546edda9507,319172721392,UPDATE,canonical preserved project_number,,DFW-4-09226-ao,,
office_dallas,51762842-50c6-5a01-bbe2-16cbe6e9b147,312445472503,UPDATE,canonical preserved project_number,,DFW-4-06426-af,,
office_dallas,5178b85c-5168-57f2-b7aa-6775867311f2,319309859517,UPDATE,canonical preserved project_number,,DFW-5-09326-aa,,
office_dallas,5349cc22-257f-5f30-81ad-ef148bb32a2d,279886208710,UPDATE,canonical preserved project_number,,ATL-1-03026-ad,,
office_dallas,5408ad13-0520-5813-baf2-153a72bf7ea6,322925847285,UPDATE,canonical preserved project_number,,DFW-4-11826-ab,,
office_dallas,54520227-c921-510a-bdbd-7c743bc90f5e,321011906262,UPDATE,canonical preserved project_number,,DFW-4-10626-ac,,
office_dallas,545c27f9-efe9-598a-9fea-a62b642bc26b,323527499488,UPDATE,canonical preserved project_number,,DFW-1-12126-aa,,
office_dallas,54fc339e-2a77-5b2b-8153-77e7bc6f4b71,316929551053,UPDATE,canonical preserved project_number,,DFW-4-07826-ad,,
office_dallas,55f5484d-c282-5195-9815-337dd3b61807,313023563467,UPDATE,canonical preserved project_number,,DFW-4-06426-ak,,
office_dallas,56289847-c5a7-5992-8c7b-c98b6fd88faa,300012538568,UPDATE,canonical preserved project_number,,ATL-4-04826-ag,,
office_dallas,565c3064-24a7-5882-8ea0-f0343643e8a9,293206333149,UPDATE,canonical preserved project_number,,DFW-4-04326-ab,,
office_dallas,567fa93c-a684-5cf0-8a84-7bfe3ad3d758,318229259980,UPDATE,canonical preserved project_number,,DFW-2-08926-ab,,
office_dallas,56f4282f-f2cf-5b49-b610-afc9a4253360,278419027678,UPDATE,canonical preserved project_number,,DFW-7-02926-aj,,
office_dallas,578c2964-bd37-52f7-8e11-7fbf797d36bb,315980742367,UPDATE,canonical preserved project_number,,DFW-2-07026-aa,,
office_dallas,5830d704-a9be-59c2-9f29-9047d43a9be2,311681638095,UPDATE,canonical preserved project_number,,DFW-4-06326-aj,,
office_dallas,58a203f9-30d4-52e7-85a6-c2130757adda,321281123036,UPDATE,canonical preserved project_number,,DFW-2-10726-af,,
office_dallas,58c2df13-abe1-58c2-8d7c-ebf6a8892bfd,301256418008,UPDATE,canonical preserved project_number,,DFW-4-04926-af,,
office_dallas,5a1ea2b6-aea6-575a-b6b2-b8e99577bd5e,308785203912,UPDATE,canonical preserved project_number,,DFW-1-06126-aa,,
office_dallas,5ba3dcb7-8b3e-524e-95e2-52a1e676e5f4,317995517649,UPDATE,canonical preserved project_number,,DFW-4-08526-ac,,
office_dallas,5c33eb7d-cb67-52dd-8396-7f2934f75cb8,306760243928,UPDATE,canonical preserved project_number,,DFW-1-05826-aa,,
office_dallas,5c7bc2a6-33d9-5430-81b6-82624133e499,253057090250,UPDATE,canonical preserved project_number,,DFW-2-00726-aa,,
office_dallas,5d093fc0-1d5e-595a-b991-6138d8bc50b6,316076454627,UPDATE,canonical preserved project_number,,DFW-1-07226-ad,,
office_dallas,5f0c0588-89cc-5fd9-a199-eeabd466f9b3,267213671123,UPDATE,canonical preserved project_number,,DFW-1-01926-aa,,
office_dallas,5f44280e-0711-534c-8617-e89f6fca7533,323518367463,UPDATE,canonical preserved project_number,,DFW-4-12426-ab,,
office_dallas,5f6b4aec-bdc8-5141-bb88-40d7d6575b3a,259780904640,UPDATE,canonical preserved project_number,,DFW-1-01326-ab,,
office_dallas,5faa1084-4dd4-5afc-ab31-0eea38d3c349,306426873584,UPDATE,canonical preserved project_number,,DFW-4-05726-aa,,
office_dallas,5fb012f2-75ca-53a7-b3fe-bbce0be8d389,323240339167,UPDATE,canonical preserved project_number,,DFW-4-11926-ai,,
office_dallas,600cd268-d06f-5c60-9532-48376cc5b490,322925907643,UPDATE,canonical preserved project_number,,DFW-4-11826-ae,,
office_dallas,60138004-89d8-525c-bf38-a99a27d729ec,288896690883,UPDATE,canonical preserved project_number,,DFW-4-03726-ab,,
office_dallas,60fbf3af-e34f-5553-ba00-5943229988d0,267668289259,UPDATE,canonical preserved project_number,,DFW-1-02126-ac,,
office_dallas,633e950c-117d-52c1-8cce-c0bbb72ab379,277985696487,UPDATE,canonical preserved project_number,,DFW-1-02926-ah,,
office_dallas,636b4f26-2226-5d1f-89ac-3a4fe860f227,269389214445,UPDATE,canonical preserved project_number,,DFW-2-02226-aa,,
office_dallas,63e6ce63-a3f6-57c2-8806-c0adb3040e4e,267213876940,UPDATE,canonical preserved project_number,,DFW-1-02126-ab,,
office_dallas,64853225-0be5-554b-8fb7-f15927d54f32,318186066640,UPDATE,canonical preserved project_number,,DFW-4-08926-ad,,
office_dallas,648e292d-b4f7-54b3-a1f3-2f3b78f40cbc,316625492729,UPDATE,canonical preserved project_number,,DFW-4-07626-aa,,
office_dallas,658d2401-f516-5628-b81c-8de8ba5e839e,323235304181,UPDATE,canonical preserved project_number,,DFW-4-11926-af,,
office_dallas,67980f3d-0521-5e3b-9f98-1d34b1ff9f5e,273342206691,UPDATE,canonical preserved project_number,,DFW-1-02326-ak,,
office_dallas,67f29b28-b54a-5484-a7ec-55547873ec40,316624670399,UPDATE,canonical preserved project_number,,DFW-2-07526-ab,,
office_dallas,68a69943-b5a8-5628-a19e-3c7459852eb8,311794395891,UPDATE,canonical preserved project_number,,DFW-1-06326-ak,,
office_dallas,68cc930f-7fd7-5e12-90c4-d6d5c9ac5b27,280744457945,UPDATE,canonical preserved project_number,,DFW-5-03426-aa,,
office_dallas,6a195519-704d-5ea6-ada8-95688ab735b7,273338616541,UPDATE,canonical preserved project_number,,DFW-1-02326-ah,,
office_dallas,6ac54468-9fa0-5ee3-9c03-5e3e5df410fd,315799594702,UPDATE,canonical preserved project_number,,DFW-4-06926-af,,
office_dallas,6ad6bec0-19a1-5a3f-b44d-b90c8378bd40,304627444418,UPDATE,canonical preserved project_number,,DFW-1-05626-aa,,
office_dallas,6b7343d1-2b4d-5a02-9474-1604af1f93df,305880965862,UPDATE,canonical preserved project_number,,DFW-1-05626-ac,,
office_dallas,6bae447e-07ac-56c5-8459-037916208273,320117040830,UPDATE,canonical preserved project_number,,DFW-1-09826-ac,,
office_dallas,6d12604c-4b24-51dc-b691-e19fda531057,200525469381,UPDATE,canonical preserved project_number,,DFW-1-07626-ab,,
office_dallas,6de6685b-7bea-50b7-a613-79605783229f,323230315230,UPDATE,canonical preserved project_number,,DFW-4-12026-aa,,
office_dallas,6e1e5494-d5eb-5bb9-a097-0a9fcc8296c5,269507473114,UPDATE,canonical preserved project_number,,DFW-4-02026-ab,,
office_dallas,703199f9-2d0c-57ce-8ce9-9405361eb06f,277845823208,UPDATE,canonical preserved project_number,,ATL-2-02926-ag,,
office_dallas,70a02633-b010-5585-ab8a-d6853768c2a3,320837407467,UPDATE,canonical preserved project_number,,DFW-9-10526-aa,,
office_dallas,71c2e026-550e-5f78-a484-4116f157fc0b,320490480374,UPDATE,canonical preserved project_number,,DFW-4-10026-ae,,
office_dallas,71c6ba65-a97f-5cba-9be9-ce0062fcf856,256648209107,UPDATE,canonical preserved project_number,,DFW-1-00926-aa,,
office_dallas,72345a2b-1160-5424-b32e-76dbad51ff95,312445483731,UPDATE,canonical preserved project_number,,DFW-4-06426-ai,,
office_dallas,724267ca-64f8-5154-b625-199860cdf1b2,318903463610,UPDATE,canonical preserved project_number,,DFW-1-09026-ag,,
office_dallas,7259247d-fa32-50a7-8060-fa3374b6398b,322909932244,UPDATE,canonical preserved project_number,,DFW-4-11826-aa,,
office_dallas,731cd1f3-3733-500d-ba39-a4bf9f6e41d0,291696724711,UPDATE,canonical preserved project_number,,ATL-2-04026-ag,,
office_dallas,7349580a-a9b8-5dd0-8d69-bda460b6dbce,322923730619,UPDATE,canonical preserved project_number,,DFW-4-11826-ad,,
office_dallas,736c645a-63b7-5d82-ad06-06116b4fff73,321281831643,UPDATE,canonical preserved project_number,,DFW-4-10726-ad,,
office_dallas,737961cc-2d60-53a5-915c-a7514dc60a83,316332595917,UPDATE,canonical preserved project_number,,ATL-1-07226-aj,,
office_dallas,741f07f6-c1f0-555e-8473-f13dc1cc2de9,321690166980,UPDATE,canonical preserved project_number,,DFW-4-11126-ag,,
office_dallas,75715aa9-cafb-5af9-9c9e-ff33e441e282,310382894782,UPDATE,canonical preserved project_number,,DFW-2-06226-af,,
office_dallas,75bafabc-f7f3-5dbb-9b73-37630ffb554f,267382351579,UPDATE,canonical preserved project_number,,DFW-4-01926-ab,,
office_dallas,77333897-8dd6-5788-abfe-03152e6a3cb7,320535814866,UPDATE,canonical preserved project_number,,DFW-1-10326-af,,
office_dallas,77397723-3b10-5d82-be4f-9b6ab9719246,321690888942,UPDATE,canonical preserved project_number,,DFW-4-11126-ah,,
office_dallas,77cb3597-e85c-55ca-8a5c-fa756c02bd1a,304630917842,UPDATE,canonical preserved project_number,,DFW-1-05426-ai,,
office_dallas,77df7dcc-b83f-5d8f-9959-ebd529a066b2,267668172507,UPDATE,canonical preserved project_number,,DFW-1-02126-aa,,
office_dallas,7800c405-1af3-588c-b1aa-06c4e40b6b31,272709935808,UPDATE,canonical preserved project_number,,DFW-1-02326-al,,
office_dallas,783bec18-84b1-5b77-b2d4-e8ce31520568,300330884813,UPDATE,canonical preserved project_number,,DFW-4-04826-ac,,
office_dallas,783c313d-c167-5ae0-88e9-5b736655d144,322470203106,UPDATE,canonical preserved project_number,,DFW-4-11726-aa,,
office_dallas,788c884f-3784-5731-b2ae-23a13a5eb1c8,318180114118,UPDATE,canonical preserved project_number,,DFW-2-08626-aa,,
office_dallas,794eae2b-c640-5450-acd5-bcd21a699e29,316123810549,UPDATE,canonical preserved project_number,,DFW-2-07026-af,,
office_dallas,7c430854-83b5-55f2-baed-bfe1d05c802a,316929569480,UPDATE,canonical preserved project_number,,DFW-4-07826-af,,
office_dallas,7cf5b20f-29d0-5a29-99c2-ed64f309d488,272418797260,UPDATE,canonical preserved project_number,,DFW-1-02326-ab,,
office_dallas,7dd04cce-f3ca-5f91-96d1-88e7afc5286f,320839598785,UPDATE,canonical preserved project_number,,ATL-4-10526-ad,,
office_dallas,7edda1c3-7ce7-568a-be41-19ffee612444,304628138724,UPDATE,canonical preserved project_number,,DFW-4-05526-ae,,
office_dallas,7fa5b7c3-901c-5ae5-b406-af5fd04b695c,301254977237,UPDATE,canonical preserved project_number,,DFW-1-04926-ab,,
office_dallas,7fa620a6-08fd-5dce-8262-30501e700fab,315877300945,UPDATE,canonical preserved project_number,,DFW-2-07026-ab,,
office_dallas,80b2db53-d730-53b8-b301-7b51d8673c5b,321011203804,UPDATE,canonical preserved project_number,,DFW-4-10626-ab,,
office_dallas,80c18cec-e1a1-51c3-9332-b2e667011ff7,316633328344,UPDATE,canonical preserved project_number,,DFW-4-07526-ac,,
office_dallas,80e3b093-c268-542c-bc36-cd8d79888c2c,320535930609,UPDATE,canonical preserved project_number,,DFW-4-10426-ac,,
office_dallas,813f9a86-d95d-52bb-be3b-55c35178ccb3,291637271257,UPDATE,canonical preserved project_number,,DFW-1-04026-af,,
office_dallas,819904b9-0e0f-5efc-90c3-48e8608573af,320334117579,UPDATE,canonical preserved project_number,,DFW-4-09926-ah,,
office_dallas,82645b58-c7a0-5ce6-8c03-82c23a6ef444,322925947599,UPDATE,canonical preserved project_number,,DFW-2-11926-ac,,
office_dallas,82b1202b-d0b1-5aaa-8daf-1282f39d9903,288907490028,UPDATE,canonical preserved project_number,,DFW-4-03726-ad,,
office_dallas,82b259dc-ccb6-5384-8b21-47e272aea9f5,257226023642,UPDATE,canonical preserved project_number,,DFW-1-00826-ab,,
office_dallas,83f294a4-191c-5a82-8031-ef21a1cfa948,307163397873,UPDATE,canonical preserved project_number,,DFW-4-05826-ac,,
office_dallas,84bc82ef-2cf7-5cdd-a45b-947c592a01bd,320621600471,UPDATE,canonical preserved project_number,,DFW-4-10326-ag,,
office_dallas,84bd9982-292d-5ead-b116-d0960162d112,300329655025,UPDATE,canonical preserved project_number,,DFW-7-05026-ab,,
office_dallas,85651b72-a51c-56f1-9088-6b9e8b0accb4,291568399038,UPDATE,canonical preserved project_number,,DFW-1-04026-ab,,
office_dallas,85f85b5f-00b1-51e0-8ecb-86008d1a58f6,323235305168,UPDATE,canonical preserved project_number,,DFW-4-11926-ag,,
office_dallas,85fd724a-012b-5379-a1b6-e6d0e4ac73d9,315769869022,UPDATE,canonical preserved project_number,,DFW-1-06926-ab,,
office_dallas,862205a9-402a-532d-a38b-7ba2c9dfee92,316332594934,UPDATE,canonical preserved project_number,,ATL-1-07226-ai,,
office_dallas,86638778-be22-5fc0-9e3f-18fcad8dab7b,311474783983,UPDATE,canonical preserved project_number,,DFW-1-06326-ad,,
office_dallas,871d379a-5f8c-523b-946b-53616524bec1,279886207722,UPDATE,canonical preserved project_number,,ATL-1-03026-ab,,
office_dallas,89374636-57c8-59d6-b37a-dd247d894887,293208392427,UPDATE,canonical preserved project_number,,ATL-4-04226-ab,,
office_dallas,89e32e53-3fa2-5ea0-9b53-0e03824241da,322576529100,UPDATE,canonical preserved project_number,,ATL-1-11726-ab,,
office_dallas,8a4a9ce2-d98e-504c-a71f-a0c5ec358e49,300024138428,UPDATE,canonical preserved project_number,,ATL-4-04826-ak,,
office_dallas,8a696b52-90ed-559b-8afc-e74953365354,318654610139,UPDATE,canonical preserved project_number,,DFW-1-09026-ab,,
office_dallas,8ab8b428-9034-5038-b74c-6961d6a9e889,317584368374,UPDATE,canonical preserved project_number,,DFW-4-08326-aa,,
office_dallas,8af31d56-1940-5050-b339-e8021d00367d,317586526933,UPDATE,canonical preserved project_number,,DFW-1-08326-ac,,
office_dallas,8b191e61-28bc-5d29-b023-cbc80a923475,322439079665,UPDATE,canonical preserved project_number,,DFW-2-11426-ab,,
office_dallas,8dc0d782-8607-539b-b1a9-34c5f2d69c37,323236024036,UPDATE,canonical preserved project_number,,DFW-4-11926-ae,,
office_dallas,8dcdc9e2-4002-5321-bd8e-d733751190b6,311681641181,UPDATE,canonical preserved project_number,,DFW-4-06326-al,,
office_dallas,8e00e4ae-8007-556a-a80f-539c92009a3e,278067152580,UPDATE,canonical preserved project_number,,DFW-2-02926-ai,,
office_dallas,8e847a57-a4ae-5884-abe4-fe5df47d38d8,294304213694,UPDATE,canonical preserved project_number,,DFW-4-04226-af,,
office_dallas,8edfb660-1289-5682-8fad-afcb9e984c3c,320335535864,UPDATE,canonical preserved project_number,,ATL-1-09926-af,,
office_dallas,8f4cc8d2-2c78-5792-ac13-0e7f78f5b947,320342761158,UPDATE,canonical preserved project_number,,ATL-4-09926-ai,,
office_dallas,90d57dca-a24c-5f2a-b048-faf4e6a2d3e6,226024172278,UPDATE,canonical preserved project_number,,DFW-1-32825-aa,,
office_dallas,90e33e30-9c56-5d8f-9b9e-cea3c838fe32,313746203366,UPDATE,canonical preserved project_number,,DFW-4-06526-ac,,
office_dallas,90eed36f-b2af-57a1-b237-b526e9560661,315800313568,UPDATE,canonical preserved project_number,,DFW-4-06926-ae,,
office_dallas,91ef1b1a-7b2f-591f-b120-4acebb22c99b,323528551136,UPDATE,canonical preserved project_number,,DFW-3-12526-ah,,
office_dallas,92667d82-2659-59fe-8011-d2da6abc5126,316631338710,UPDATE,canonical preserved project_number,,DFW-4-07726-ab,,
office_dallas,9288ad3c-bf49-5fae-b74c-295758eed170,305878890209,UPDATE,canonical preserved project_number,,DFW-7-05726-ab,,
office_dallas,932dcb2b-114f-5e06-90f1-bfb8f86fc2dc,260435160816,UPDATE,canonical preserved project_number,,DFW-1-01326-ad,,
office_dallas,938143ea-6bfd-595c-9e81-eb2e1cf07266,276641283798,UPDATE,canonical preserved project_number,,DFW-1-02826-ab,,
office_dallas,949b3128-1795-57f7-bdb4-2eff7af0ce4a,287746674421,UPDATE,canonical preserved project_number,,DFW-4-03626-an,,
office_dallas,953fe17b-3709-5bfb-9a79-3a13154826ec,192519536319,UPDATE,canonical preserved project_number,,DFW-4-29825-aa,,
office_dallas,96db0e13-8905-5852-8cd1-0d84c8216124,317946259147,UPDATE,canonical preserved project_number,,DFW-4-08626-ac,,
office_dallas,97525840-2194-5fe2-823d-cd1024db7ea7,300329557734,UPDATE,canonical preserved project_number,,DFW-4-04926-ah,,
office_dallas,986fdb9e-5718-597b-a709-ab99eb1e077d,315801099985,UPDATE,canonical preserved project_number,,DFW-4-07026-ac,,
office_dallas,98969fba-e7c7-54bc-98ed-ce6436f95673,319862227678,UPDATE,canonical preserved project_number,,DFW-4-09726-ab,,
office_dallas,990005fa-e872-56a7-90ed-b592938ddba8,316198548173,UPDATE,canonical preserved project_number,,DFW-4-07126-aa,,
office_dallas,9926e635-e01e-5052-b893-0d2309c0db75,273338607327,UPDATE,canonical preserved project_number,,DFW-1-02326-ae,,
office_dallas,9963f7ce-23d8-5a60-9de5-5e7b8cbe923c,305111691984,UPDATE,canonical preserved project_number,,DFW-4-05526-ah,,
office_dallas,9a3e8084-d351-55da-8b2e-c3bc148b7db5,323518553811,UPDATE,canonical preserved project_number,,DFW-4-12626-af,,
office_dallas,9b578a48-eaae-5539-855f-b3c9a2ee0f6d,312446181112,UPDATE,canonical preserved project_number,,DFW-4-06426-ac,,
office_dallas,9b87381f-5d4f-5929-a661-f429336cfdb0,318903590586,UPDATE,canonical preserved project_number,,DFW-2-09126-ab,,
office_dallas,9c0cdc9a-72ad-5407-b95a-9a2008e20ca2,320334822083,UPDATE,canonical preserved project_number,,DFW-1-09926-ag,,
office_dallas,9d7e30a6-145f-5f0a-abd0-e3ed716dec73,311295570674,UPDATE,canonical preserved project_number,,DFW-1-06326-ac,,
office_dallas,9d988243-911d-538f-a2ba-06090ee5fa38,321711074026,UPDATE,canonical preserved project_number,,DFW-4-11126-ai,,
office_dallas,9db19d81-f275-5073-9fe1-be5f0c44d3c8,320489760501,UPDATE,canonical preserved project_number,,DFW-4-10026-aa,,
office_dallas,9e23fe80-0601-5638-bac5-d10c39dcc028,323231045369,UPDATE,canonical preserved project_number,,DFW-4-12026-ad,,
office_dallas,9f3e2366-ea9f-5653-b7b5-d19fa98340fc,320839706334,UPDATE,canonical preserved project_number,,DFW-4-10626-aj,,
office_dallas,9fbedf87-5bb1-54be-b0e1-2287ff0d723d,279745927924,UPDATE,canonical preserved project_number,,DFW-8-03426-ad,,
office_dallas,a0230a1d-345c-51c7-99f3-e12deb0fe0a8,317199063789,UPDATE,canonical preserved project_number,,DFW-2-08226-aa,,
office_dallas,a051aed9-7c8f-57cf-92f3-aa660edad15e,276642723541,UPDATE,canonical preserved project_number,,DFW-1-02826-aa,,
office_dallas,a1032683-d172-561d-acac-a9f600996a0c,275827417796,UPDATE,canonical preserved project_number,,ATL-4-02726-af,,
office_dallas,a134b189-58aa-5eca-84e6-063813073827,259790926538,UPDATE,canonical preserved project_number,,ATL-1-01226-aa,,
office_dallas,a179614d-7744-5bdc-a8c9-15d6bb5d4700,318227045096,UPDATE,canonical preserved project_number,,DFW-1-08826-ab,,
office_dallas,a18aad0d-83cd-5c54-9f0f-88ce45be70dc,317540417251,UPDATE,canonical preserved project_number,,DFW-4-08326-ab,,
office_dallas,a258fbc7-acf7-57b4-bdc4-674953434771,320115673827,UPDATE,canonical preserved project_number,,DFW-1-09926-aa,,
office_dallas,a4ebde3b-f77a-59c8-8fdd-29a5b9862302,315801100004,UPDATE,canonical preserved project_number,,DFW-4-07026-ad,,
office_dallas,a4f8e9d3-3737-5a29-b9b6-3ee3321ccd57,317193945786,UPDATE,canonical preserved project_number,,DFW-4-07926-ad,,
office_dallas,a4fddb16-c5b1-56b4-9676-9f4f0d3acc68,323519191793,UPDATE,canonical preserved project_number,,DFW-4-12526-ae,,
office_dallas,a5219a62-08d1-5a87-87cf-ff7abad87243,321688029885,UPDATE,canonical preserved project_number,,DFW-4-11126-af,,
office_dallas,a54c7c37-00c0-5388-8abb-245fdb100d97,304354876096,UPDATE,canonical preserved project_number,,DFW-4-05426-ae,,
office_dallas,a58f54aa-0153-58bf-b014-952a5f826de5,291696716514,UPDATE,canonical preserved project_number,,DFW-4-04026-ad,,
office_dallas,a6b36722-e326-596e-98d0-e1f0922dfb53,316973442787,UPDATE,canonical preserved project_number,,DFW-4-07826-ab,,
office_dallas,a70a1b64-784c-502f-8daf-dacd035bb98e,300329570033,UPDATE,canonical preserved project_number,,DFW-2-04926-ai,,
office_dallas,a7abe416-3ec2-5d53-ab76-2646be44314e,296662511324,UPDATE,canonical preserved project_number,,DFW-2-04726-ac,,
office_dallas,a925d078-ebb0-5f09-9e00-7d9b0757557f,316633328366,UPDATE,canonical preserved project_number,,DFW-4-07526-ad,,
office_dallas,a964d130-4a33-5208-b506-35b92da36fdb,203232806631,UPDATE,canonical preserved project_number,,DFW-1-30225-aa,,
office_dallas,a977e9dc-8fd6-59a4-9a3c-323bb9132447,312557675230,UPDATE,canonical preserved project_number,,ATL-1-06426-ag,,
office_dallas,aa75bb15-d39d-5dbb-ad78-c299b5fa46f5,294209250038,UPDATE,canonical preserved project_number,,ATL-4-04226-ac,,
office_dallas,ab95218d-3ac5-560b-bb17-262ea2bdfacf,318905030374,UPDATE,canonical preserved project_number,,DFW-1-09126-ad,,
office_dallas,abe0e136-f50e-50b0-b48b-fb4a2e65fc86,277845095154,UPDATE,canonical preserved project_number,,DFW-7-02926-aa,,
office_dallas,ad8df4b7-d4e9-5962-bd17-b9d70a875830,316334814959,UPDATE,canonical preserved project_number,,DFW-4-07726-aa,,
office_dallas,aeb0114e-cc10-548e-b5f9-a16a67854bc6,316124679920,UPDATE,canonical preserved project_number,,DFW-1-07226-ab,,
office_dallas,af8a87cb-943a-5938-a173-eb6726f0ad30,278419028680,UPDATE,canonical preserved project_number,,DFW-4-02926-an,,
office_dallas,b2a60dc0-2c0a-512a-9da0-358de88fba3e,316932323061,UPDATE,canonical preserved project_number,,DFW-2-07726-ah,,
office_dallas,b2cb3f46-f0b0-5edf-8817-342d2a0f4761,321283988213,UPDATE,canonical preserved project_number,,ATL-1-10726-ai,,
office_dallas,b2cb696e-ea91-5c87-affe-7a52f1091681,300329539320,UPDATE,canonical preserved project_number,,DFW-4-04926-ad,,
office_dallas,b487fb90-2541-5e86-b7fe-e5264d03641d,311545423604,UPDATE,canonical preserved project_number,,DFW-1-06326-ae,,
office_dallas,b49d5372-f1bc-5192-9885-1d30cd104fb8,245627912921,UPDATE,canonical preserved project_number,,DFW-3-35625-aa,,
office_dallas,b5152fa4-6b05-569d-bc72-a7caec4f97f5,323527526077,UPDATE,canonical preserved project_number,,DFW-4-12126-ac,,
office_dallas,b54293c7-6e0f-5daf-b00e-cf8cc76bc1ae,322467161823,UPDATE,canonical preserved project_number,,DFW-4-11426-ae,,
office_dallas,b5628704-ee12-5578-84ec-6e99ef26ed4d,303030015693,UPDATE,canonical preserved project_number,,DFW-4-05426-ab,,
office_dallas,b6b9c4ba-307c-5f22-80f6-5269321bf326,320490479329,UPDATE,canonical preserved project_number,,DFW-1-10026-ac,,
office_dallas,b75ebb69-7057-5b94-a045-850b9e99d9a6,322925940453,UPDATE,canonical preserved project_number,,DFW-2-11926-ab,,
office_dallas,b794d537-db21-51b3-bc93-3c399dc9c72a,267668304607,UPDATE,canonical preserved project_number,,DFW-2-02126-ab,,
office_dallas,b7b1df3f-b896-5e42-ba9f-b9ebc33a8f94,321336707802,UPDATE,canonical preserved project_number,,DFW-1-11026-ac,,
office_dallas,b824eca9-c39e-5be5-a934-8eb9889086f4,310409577181,UPDATE,canonical preserved project_number,,DFW-4-06326-aa,,
office_dallas,b8fc67a1-334a-5c63-a498-5c61addd59a5,321711058629,UPDATE,canonical preserved project_number,,DFW-1-11126-ad,,
office_dallas,badcd7ef-9869-59ad-bf0f-7ae5997339f0,173703281358,UPDATE,canonical preserved project_number,,DFW-2-27425-aa,,
office_dallas,bb963a59-30fb-5235-8749-08add19aff1d,316627025651,UPDATE,canonical preserved project_number,,DFW-4-07726-ac,,
office_dallas,bbd4c5b3-34e4-5607-a505-26bd4ce00550,321691608813,UPDATE,canonical preserved project_number,,DFW-4-11126-ae,,
office_dallas,bbfc9ea2-d82a-54ee-9ed7-08c335d74f8c,323231764174,UPDATE,canonical preserved project_number,,DFW-1-12026-ab,,
office_dallas,bc25cc07-db57-51b7-ab09-70fa3a278ee4,293076985577,UPDATE,canonical preserved project_number,,DFW-1-04126-ab,,
office_dallas,bd423cc7-02f8-5b75-9160-f0d5450749e0,323235306188,UPDATE,canonical preserved project_number,,DFW-4-11926-ah,,
office_dallas,bd82fdce-4ea5-52d1-bc93-c5ea351d32c3,316334753499,UPDATE,canonical preserved project_number,,ATL-1-07226-ag,,
office_dallas,bdd062f4-d9dd-5541-9bdd-ae1d257a24db,318229792479,UPDATE,canonical preserved project_number,,DFW-4-08626-ae,,
office_dallas,be6f4dec-0219-5d3d-8fd2-8329ce2249b4,318904216306,UPDATE,canonical preserved project_number,,DFW-4-09026-am,,
office_dallas,be7ea8bd-6d7b-55ab-b220-5f57abba0bc2,323519184582,UPDATE,canonical preserved project_number,,DFW-2-12526-aa,,
office_dallas,bee73a55-bc64-5a8d-bd63-e1e230b1374a,267448879826,UPDATE,canonical preserved project_number,,DFW-2-02226-ab,,
office_dallas,c033da61-8bfd-54c6-9446-beee2887c92b,319309862647,UPDATE,canonical preserved project_number,,DFW-1-09326-ae,,
office_dallas,c075c6a6-9de4-5845-9dcd-5a52fcc3adee,300445689583,UPDATE,canonical preserved project_number,,ATL-1-04826-am,,
office_dallas,c07cd8ff-7da5-59b8-a9e9-0cbb0a94d574,272709374673,UPDATE,canonical preserved project_number,,DFW-1-02626-aa,,
office_dallas,c0c864ce-2183-5cc0-bd11-37cedc1b8fd9,264972024515,UPDATE,canonical preserved project_number,,DFW-1-01626-aa,,
office_dallas,c10f8d4e-b227-5190-81ba-94b9741b07d9,316076453606,UPDATE,canonical preserved project_number,,DFW-4-07226-ac,,
office_dallas,c1568f39-7690-52b1-afb3-ae6ab5ae8709,319925219003,UPDATE,canonical preserved project_number,,DFW-5-09726-ad,,
office_dallas,c2d090d9-70af-5a1c-905e-79212ebe4d2f,276777884348,UPDATE,canonical preserved project_number,,DFW-4-02826-ad,,
office_dallas,c2ff38e2-2975-56fd-882f-284eeb7ec008,285661342452,UPDATE,canonical preserved project_number,,DFW-4-03526-ac,,
office_dallas,c644d900-2edb-5ac6-adf5-7ea1903a127c,320838235895,UPDATE,canonical preserved project_number,,DFW-1-10626-ai,,
office_dallas,c66c2203-a802-5105-a83e-bf5a6ce4e174,273345087213,UPDATE,canonical preserved project_number,,DFW-1-02326-ag,,
office_dallas,c6f87a28-1a55-5a1f-85d0-a2a4960e4ad5,319172709078,UPDATE,canonical preserved project_number,,DFW-1-09226-am,,
office_dallas,c6f9fcbd-64e9-5112-92f4-c7dcb9a292e5,277652573941,UPDATE,canonical preserved project_number,,DFW-4-02926-ae,,
office_dallas,c80f9bdd-d6b9-5207-927d-232e487fd6db,323641734879,UPDATE,canonical preserved project_number,,DFW-4-12626-ad,,
office_dallas,c862781d-9db5-5fb5-8656-7daa6bcea3c7,320489955023,UPDATE,canonical preserved project_number,,DFW-1-10326-ac,,
office_dallas,c86b90dd-f958-5a0b-a123-975dbedec610,269507541716,UPDATE,canonical preserved project_number,,DFW-2-02126-aa,,
office_dallas,c8f5e975-4528-5ffa-bf71-0daa8edcb173,299409871561,UPDATE,canonical preserved project_number,,ATL-4-04826-ai,,
office_dallas,ca222ee8-75d5-50c5-a6a3-b0db3cc11ffc,299406233325,UPDATE,canonical preserved project_number,,DFW-1-04826-aa,,
office_dallas,ca6d6ec2-73b4-5f3d-bdcf-8fa2001f18d9,288835955387,UPDATE,canonical preserved project_number,,DFW-4-03726-ac,,
office_dallas,cab53cca-fe2a-5ac2-b138-a54d668358cd,318183716551,UPDATE,canonical preserved project_number,,DFW-1-08626-ad,,
office_dallas,cb2c5def-b961-5253-b0c4-7be78b4fa1ea,321440797413,UPDATE,canonical preserved project_number,,DFW-1-11026-ab,,
office_dallas,cb797037-cbf3-5f3c-ade6-df1240e7c406,280068866782,UPDATE,canonical preserved project_number,,DFW-4-03126-aa,,
office_dallas,cc7aa085-fa32-5487-bf15-8e1e2913c7f6,322911396567,UPDATE,canonical preserved project_number,,DFW-4-11826-ac,,
office_dallas,cd0dc3c0-d0fc-5376-aee1-c5ffc6e87380,272465267423,UPDATE,canonical preserved project_number,,DFW-2-02326-aa,,
office_dallas,ce5bfa64-ab29-554e-a1c6-8cc13e3e46ad,288898858687,UPDATE,canonical preserved project_number,,DFW-1-03726-af,,
office_dallas,ce7d8d74-60be-50ff-a5a6-9db9743e0fda,234270974661,UPDATE,canonical preserved project_number,,ATL-2-34025-ab,,
office_dallas,ce8bdfdb-dc72-5072-a099-1fee6d701da1,278064990922,UPDATE,canonical preserved project_number,,DFW-7-02926-ac,,
office_dallas,ced95092-a8bb-5c4c-84fb-e5c0fea4e968,259776511728,UPDATE,canonical preserved project_number,,DFW-3-01226-aa,,
office_dallas,cf77494b-97ff-586f-a196-115a28943156,319309860579,UPDATE,canonical preserved project_number,,DFW-4-09326-ab,,
office_dallas,d04dcef3-bf1e-5cc0-aadf-f436ada3be1a,321011948281,UPDATE,canonical preserved project_number,,DFW-4-10626-ak,,
office_dallas,d06067fb-3d51-5beb-959d-257389bafb2a,304875427556,UPDATE,canonical preserved project_number,,DFW-2-05526-ab,,
office_dallas,d0c4e896-52cc-5b7e-8376-3bf48ab70885,316627029742,UPDATE,canonical preserved project_number,,DFW-4-07726-ae,,
office_dallas,d170531d-a8fa-5eff-8487-c885ab5adc08,267386672864,UPDATE,canonical preserved project_number,,DFW-4-01926-aa,,
office_dallas,d19a158b-434d-5320-8505-5e7ad6afe59b,296662518516,UPDATE,canonical preserved project_number,,DFW-4-04726-ad,,
office_dallas,d2b08e4f-dfc3-5240-96ef-c74e2df8c078,318905019107,UPDATE,canonical preserved project_number,,DFW-1-09126-aa,,
office_dallas,d2e6e6f5-537a-5994-ad56-b471774c5538,321690952410,UPDATE,canonical preserved project_number,,DFW-1-11226-aa,,
office_dallas,d376b986-dfe3-5603-9b01-7576200c520c,317050421960,UPDATE,canonical preserved project_number,,DFW-4-07826-ac,,
office_dallas,d4323c4c-6d9e-5463-8636-22f092fd7d87,291578477246,UPDATE,canonical preserved project_number,,DFW-4-04026-ac,,
office_dallas,d4c8cc1f-21d4-5c48-b5aa-9ac72ad76301,288839537381,UPDATE,canonical preserved project_number,,DFW-4-03726-aa,,
office_dallas,d5ccd5b0-65a1-59e2-80a2-7f09fe01088e,293695880897,UPDATE,canonical preserved project_number,,DFW-4-04226-aa,,
office_dallas,d5cfa958-d2f7-5f43-823d-49a26d5d349f,253056980718,UPDATE,canonical preserved project_number,,DFW-2-00526-aa,,
office_dallas,d66d08cc-455d-5fcc-8e9a-f0f2c8b38263,293079861994,UPDATE,canonical preserved project_number,,DFW-4-04126-ac,,
office_dallas,d6b83585-e795-596d-bef4-0d0019cd5480,322911474387,UPDATE,canonical preserved project_number,,DFW-4-11926-aa,,
office_dallas,d79fe865-a33e-51aa-b714-41988fc888f5,320117031654,UPDATE,canonical preserved project_number,,DFW-3-09826-aa,,
office_dallas,d7c71aeb-cc62-549d-9984-b4f646343c86,310412423916,UPDATE,canonical preserved project_number,,DFW-4-06226-ah,,
office_dallas,d8855479-5b0c-5219-b55b-ea2604005728,267386686163,UPDATE,canonical preserved project_number,,ATL-4-04326-aa,,
office_dallas,d971c4a4-126b-5c4d-ac15-6f320726f36e,257132365499,UPDATE,canonical preserved project_number,,DFW-1-00826-aa,,
office_dallas,d991b362-ca11-5343-986d-57a0d175979a,301256420033,UPDATE,canonical preserved project_number,,ATL-4-04926-ag,,
office_dallas,da7bc314-484f-54b1-bf9a-33cbeb5999b6,300012534462,UPDATE,canonical preserved project_number,,ATL-4-04826-ad,,
office_dallas,dbce203f-1673-50d9-9686-5f56eb20354b,319179895489,UPDATE,canonical preserved project_number,,DFW-2-09226-af,,
office_dallas,dbf81ea9-0457-584b-acb4-3eaf8e6054df,321009740506,UPDATE,canonical preserved project_number,,DFW-4-10526-ab,,
office_dallas,dc56ba04-2dbe-542b-842f-9629324aafe9,305429939904,UPDATE,canonical preserved project_number,,DFW-2-05526-ad,,
office_dallas,de0750a3-ac2e-569d-94d1-2587d29278bc,300024138478,UPDATE,canonical preserved project_number,,ATL-8-04826-al,,
office_dallas,de087c49-161e-59f6-8443-59e8a18cdc59,321765328623,UPDATE,canonical preserved project_number,,DFW-4-11126-ak,,
office_dallas,deec273e-d61e-5cc1-b984-0194e903b902,318929055449,UPDATE,canonical preserved project_number,,DFW-4-09126-ae,,
office_dallas,dfcf5044-b9fe-5eff-8640-bafe146a5f1b,312445472453,UPDATE,canonical preserved project_number,,ATL-1-06426-ae,,
office_dallas,e1bfe8a7-bb00-5f3c-8641-af3d0a2bfcf0,277228809926,UPDATE,canonical preserved project_number,,DFW-1-02826-af,,
office_dallas,e1f51140-e5ea-5cff-8a75-42770f1cf232,318903497416,UPDATE,canonical preserved project_number,,DFW-4-09026-ak,,
office_dallas,e20480c0-63ed-5d7f-828d-4b072da2e546,42093929635,UPDATE,canonical preserved project_number,,DFW-1-22725-aa,,
office_dallas,e233e14f-0414-5d28-9d10-398fd7246b41,257975707383,UPDATE,canonical preserved project_number,,ATL-2-00926-aa,,
office_dallas,e33463f6-4de6-5b5f-bdef-400eb5f1327a,319311119080,UPDATE,canonical preserved project_number,,DFW-4-09326-ac,,
office_dallas,e34d1402-90f6-59d6-be59-65cdc97fbc83,287995605722,UPDATE,canonical preserved project_number,,DFW-4-03626-ap,,
office_dallas,e39e59b4-608f-5bb5-8e71-33307d2e5901,280593304288,UPDATE,canonical preserved project_number,,DFW-4-03226-aa,,
office_dallas,e4b1056d-581e-52e2-8c4d-214119fe00e9,315160188622,UPDATE,canonical preserved project_number,,DFW-4-06926-aa,,
office_dallas,e4b52561-0b02-5abe-9a7a-9bcee6f90fd3,277230249704,UPDATE,canonical preserved project_number,,DFW-2-02826-ae,,
office_dallas,e5675ab2-f547-52cb-b9ed-8885f2cf411b,321330073336,UPDATE,canonical preserved project_number,,DFW-4-10726-ah,,
office_dallas,e656082c-8d12-59b3-bb67-f6e3404c7233,279471257295,UPDATE,canonical preserved project_number,,ATL-4-03026-aa,,
office_dallas,e69da49e-ce4d-58b6-aba6-42e87b2b2d20,320490075836,UPDATE,canonical preserved project_number,,DFW-4-10426-aa,,
office_dallas,e6ba1b9b-df40-55a7-a07b-0c22cdf1cba9,319639965407,UPDATE,canonical preserved project_number,,DFW-4-09626-ac,,
office_dallas,e7514183-3566-5bf6-bf5f-6d7b278a8759,300327282381,UPDATE,canonical preserved project_number,,DFW-4-04826-ab,,
office_dallas,e81bee57-e554-5de2-8f07-05e2156c4de9,318905099968,UPDATE,canonical preserved project_number,,DFW-1-09226-ac,,
office_dallas,e8412788-9667-522d-8cc1-6b8f487b0e31,300012538606,UPDATE,canonical preserved project_number,,ATL-4-04826-ah,,
office_dallas,e93d0fe9-4a61-5fae-8294-a46a81476e43,301254255329,UPDATE,canonical preserved project_number,,DFW-3-04926-aa,,
office_dallas,e9c14057-e229-5d4e-bcae-fa48eaa61972,271393431285,UPDATE,canonical preserved project_number,,DFW-1-02226-aa,,
office_dallas,e9fc373e-2270-5dd9-867b-ec84ad818b5a,321687989951,UPDATE,canonical preserved project_number,,DFW-3-11126-ab,,
office_dallas,ea40ee1d-7b83-5baf-8027-cfb9bb2f7f13,317542565568,UPDATE,canonical preserved project_number,,DFW-2-08326-aa,,
office_dallas,eabb6f87-c969-5552-b139-a2b6be4f7836,212647396072,UPDATE,canonical preserved project_number,,DFW-1-02226-ae,,
office_dallas,eb40d4b6-7c58-571e-87e9-52e0a6f3e0b3,323240413923,UPDATE,canonical preserved project_number,,DFW-4-12026-ae,,
office_dallas,ebb305f0-eb27-51da-9508-782f713c88d1,318902237929,UPDATE,canonical preserved project_number,,DFW-2-09226-ad,,
office_dallas,ecfc0e70-0ccc-5756-987d-c9a15486ce10,285121742541,UPDATE,canonical preserved project_number,,ATL-2-03526-aa,,
office_dallas,edf6f205-fc95-5798-a80f-6f149b2a8d9c,269389208292,UPDATE,canonical preserved project_number,,DFW-1-02226-ac,,
office_dallas,ee37836b-e3de-569f-9248-3bb473a1d74d,285661469414,UPDATE,canonical preserved project_number,,DFW-4-03626-ao,,
office_dallas,ee50a25a-7b69-5bc2-9212-91d72be5981e,317243162325,UPDATE,canonical preserved project_number,,DFW-4-07926-ab,,
office_dallas,f16ae061-81c1-54c4-8334-bff907c6edd8,318185283265,UPDATE,canonical preserved project_number,,DFW-4-08826-aa,,
office_dallas,f1939594-f582-5926-bfbb-e71d8fb60f8b,315770603207,UPDATE,canonical preserved project_number,,DFW-1-06926-ac,,
office_dallas,f269a15c-e093-59db-9244-64eff4662c82,283601552095,UPDATE,canonical preserved project_number,,DFW-3-03326-ag,,
office_dallas,f2db11c7-2ee4-5525-8bea-705e76b81c99,279884771008,UPDATE,canonical preserved project_number,,ATL-1-03026-af,,
office_dallas,f303fe71-6e85-5921-a695-d718bd31b91b,319181342431,UPDATE,canonical preserved project_number,,DFW-4-09226-ap,,
office_dallas,f3bfa0e5-f738-5c62-85aa-9487b63b0a40,297717596890,UPDATE,canonical preserved project_number,,DFW-2-04726-aa,,
office_dallas,f50469f8-ba5f-5492-83a3-f7a4d2ca93b1,311682431710,UPDATE,canonical preserved project_number,,DFW-4-06426-aa,,
office_dallas,f56a09e1-f93b-5237-ad8d-a4ab327be64e,300331069128,UPDATE,canonical preserved project_number,,DFW-4-05026-aa,,
office_dallas,f5ad05f0-08c1-57b2-bbe8-61e7dc579f3b,300330967785,UPDATE,canonical preserved project_number,,DFW-4-04926-ac,,
office_dallas,f6b150ca-3337-59f1-8b21-6efacf8e1f08,321926826697,UPDATE,canonical preserved project_number,,DFW-1-11326-aa,,
office_dallas,f6cb69e3-7499-5ad3-8fca-05c5d12cbac4,301256414950,UPDATE,canonical preserved project_number,,ATL-4-04926-ae,,
office_dallas,f6f84354-660c-5fb2-b80b-94c1ded481f5,317828125371,UPDATE,canonical preserved project_number,,DFW-4-08426-ab,,
office_dallas,f70ca605-a21b-5dba-8223-5c887729fd42,269389203184,UPDATE,canonical preserved project_number,,DFW-1-02226-ab,,
office_dallas,f981a9a7-aaeb-51cb-91be-199e2981943e,285443132108,UPDATE,canonical preserved project_number,,DFW-2-03626-aa,,
office_dallas,fcb1a55e-3a71-5f67-8269-47dd6c6dfc0e,318229086967,UPDATE,canonical preserved project_number,,DFW-4-08626-aa,,
office_dallas,fcb75949-ff2d-5231-a9d1-7b168e08df80,316632626930,UPDATE,canonical preserved project_number,,DFW-4-07526-af,,
office_dallas,fdc2ff0f-91ad-5e20-b3b1-83543d0553f1,279745809102,UPDATE,canonical preserved project_number,,DFW-7-03326-aa,,
office_dallas,fe48a6aa-8dd3-545b-afc9-7bbb8b8a2bee,307178050281,UPDATE,canonical preserved project_number,,DFW-4-05826-ab,,
office_dallas,fe53b619-9beb-5ffb-8f68-7aea125ef5ad,319374968557,UPDATE,canonical preserved project_number,,DFW-1-09326-ai,,
office_dallas,fe842edf-1abc-53e3-bf5d-5869a2ec33b9,279884770039,UPDATE,canonical preserved project_number,,ATL-1-03026-ae,,
office_dallas,ff59b300-14ea-56c6-8c42-7171267016d3,320489949885,UPDATE,canonical preserved project_number,,DFW-2-10326-aa,,
office_dallas,ff69041a-16e6-5f87-b2be-f9b175bcf34c,317243881146,UPDATE,canonical preserved project_number,,DFW-4-07926-aa,,
office_dallas,0078f6d3-c699-5c96-8c72-258f76fee448,215719725807,SKIP,legacy format,,2-TEA1-111325,,
office_dallas,0118b2b0-445a-5628-adff-4d57ce87f8aa,35753415984,SKIP,legacy format,,TMGSSEAL,,
office_dallas,011a65e7-a4cf-518c-8832-2deee5466d39,35753416973,SKIP,legacy format,,ASTWCLUBHO,,
office_dallas,01be280f-3d61-53df-adca-0c769dba95fd,204628718275,SKIP,legacy format,,TMECCLBHSE,,
office_dallas,024b3dc6-d481-53ab-86fd-ba64b4270023,38985488778,SKIP,legacy format,,KMRPMLVIN,,
office_dallas,02de29cc-d39c-54e1-becf-4b27e3417d91,245627928274,SKIP,legacy format,,CHALTDOOR,,
office_dallas,03cab5da-e505-5238-9d12-1e08ea805183,215711157995,SKIP,legacy format,,2-CDA1-111125,,
office_dallas,051554e9-ecfc-50f4-9895-32bdf136b826,41078939536,SKIP,legacy format,,CBSTARPEEW,,
office_dallas,0583fd4a-26f4-5c6a-b90f-c615e7faeab0,32941511967,SKIP,legacy format,,TMWURZBACH,,
office_dallas,059365a8-701e-5bdb-8e2a-beea9445253d,202354957048,SKIP,legacy format,,TMTTUNTBLD,,
office_dallas,05a099e8-12b4-5ca8-9342-509f570974b5,232532663022,SKIP,legacy format,,2-DDB1-011526,,
office_dallas,060a7565-3991-555d-8cd8-5ab767ea9288,175110075128,SKIP,legacy format,,TMMPGUTTER,,
office_dallas,0726be14-f860-5b20-a98f-d3919bb66be1,181454710489,SKIP,legacy format,,2-PKW.1-100825,,
office_dallas,08ea5b52-1095-5bbb-816b-e0ff0c2491e1,34647958313,SKIP,legacy format,,ASM21OAKSR,,
office_dallas,0930d29e-d8f3-5be5-b557-907c3e425bc9,227488346825,SKIP,legacy format,,2-CSA7-120225,,
office_dallas,09de0dad-c25c-5eda-8230-9307f62e0858,35460146843,SKIP,legacy format,,TMBAALUMIN,,
office_dallas,0d3b50d0-a906-55c6-82f7-7abe26513229,35669027607,SKIP,legacy format,,ASSTCPAINT,,
office_dallas,0d988ccc-8ccb-593b-ad6d-2fbad56e7512,43524436024,SKIP,legacy format,,KMRLEXTREP,,
office_dallas,0de1ede2-9a7d-5fd6-b4a1-41f9be286c07,36523424047,SKIP,legacy format,,TMBAFRAMER,,
office_dallas,0f7600b7-2f25-56dd-bcb4-74182fa9bf51,40713513757,SKIP,legacy format,,CBANTHWIND,,
office_dallas,0ffa4152-db96-567e-a55e-57324d197b37,42093933404,SKIP,legacy format,,ASECEPAINT,,
office_dallas,110b11ac-cf9d-5751-95e6-5fb68e9ea0ac,37360335684,SKIP,legacy format,,THCWPCWDW,,
office_dallas,1184ed96-81fc-5f1b-aace-e0b3bb5f790a,37421639170,SKIP,legacy format,,TMARCFACADE,,
office_dallas,121fc367-5f00-5562-a00f-87109703e742,244888707788,SKIP,legacy format,,2-CSA12-121925,,
office_dallas,14a7d279-9319-5b76-a933-da789f05232d,39381072037,SKIP,legacy format,,TMARCBUSINESS,,
office_dallas,15b449b4-8d14-5722-855d-19a59c336f6d,34647608675,SKIP,legacy format,,TMMIDTOWNCAP,,
office_dallas,15d0540f-e646-5113-8b43-310e624c6f35,172013696740,SKIP,legacy format,,DBTDBPAINT,,
office_dallas,1765277c-0fc8-5d04-9ce9-d8f86ba74eb4,223345027773,SKIP,legacy format,,2-CPA5-111925,,
office_dallas,19b1dd0e-ff88-5ebb-8374-d30c10110e2d,38950408029,SKIP,legacy format,,ASEPDDWALK,,
office_dallas,1a2dd94e-3ab9-548e-a5c0-5a5b55a8a90d,38229449506,SKIP,legacy format,,TMTMEXTRPR,,
office_dallas,1a6fad67-a98e-59e7-98b6-308946114f4c,35745352749,SKIP,legacy format,,TMEPGARAGE,,
office_dallas,1ae2d852-4de0-54f7-b472-cd8c1b512366,256863955684,SKIP,legacy format,,2-CSA13-010826,,
office_dallas,1b938f95-9e21-58f3-83e7-ad9ce2ae9d0e,35396648781,SKIP,legacy format,,ASRTECHMN,,
office_dallas,1bd0aae3-0171-5ee4-a4e1-447af67340cd,39285519494,SKIP,legacy format,,2-CSP1-103025,,
office_dallas,1d56d524-733d-5714-ab1c-dfd41d707584,241471956724,SKIP,legacy format,,2-THA2-121825,,
office_dallas,1e4587ca-b2b4-53bb-9e6a-39a533730ca5,43827280309,SKIP,no preserved value,,,,
office_dallas,1e7511ec-a99b-52eb-8547-87293b105703,39281643855,SKIP,legacy format,,ASLACRENOV,,
office_dallas,1f2cf649-677e-5808-931c-fd61fe923bc3,243897460415,SKIP,legacy format,,2-RHP1-121825,,
office_dallas,1fe0bb57-ea49-5741-be31-fb9577ab550a,222085151476,SKIP,no preserved value,,,,
office_dallas,22005137-2aff-5844-8c31-b2b46438968c,37180303505,SKIP,legacy format,,ASTOCLUBRN,,
office_dallas,22c010bf-b4c7-5de0-8122-f79ab67359e2,262438056646,SKIP,legacy format,,2-QUA-011426,,
office_dallas,2301faca-2ad1-5e21-a853-178c3da0c797,35852692805,SKIP,legacy format,,ASWMLIGHTS,,
office_dallas,230f05d5-e253-5252-8ba4-68b0ad7d5603,168988221160,SKIP,legacy format,,TMPWADDEXT,,
office_dallas,264ed042-6168-5d39-bbd1-65e9a8ab0750,43899073919,SKIP,legacy format,,TMCPNTCARP,,
office_dallas,2799f871-1a10-573b-b7be-1efa95e39bae,41540812702,SKIP,legacy format,,1-TLV.1-091625,,
office_dallas,279af4c7-b90f-5233-8914-1f3f47ac22ef,217414576846,SKIP,legacy format,,DBCREEKCLUB,,
office_dallas,281af0ba-4de8-571a-b0c6-e951dbc5bf2c,182836484821,SKIP,legacy format,,2-TCF.1-101025,,
office_dallas,28393719-8595-592c-8db3-f6ca50b4c4d0,37180300633,SKIP,legacy format,,TMBELLMARROOF,,
office_dallas,283b03ca-d9d3-5a05-b8a7-919019ce05d8,262351934163,SKIP,legacy format,,2-IVA1-011426,,
office_dallas,299cfbe9-4fe2-58a4-9565-b7218533a80d,38547950995,SKIP,legacy format,,KMRPMEDISTR,,
office_dallas,2a1d7266-477b-585c-9e48-cba14ccbd397,43899053192,SKIP,legacy format,,1-THR.1-FCP-092425,,
office_dallas,2ad0954f-db6f-53fd-96f4-52c222008bca,38765186222,SKIP,no preserved value,,,,
office_dallas,2b916950-9012-524a-934e-3a0ef5ebbf87,40317700387,SKIP,legacy format,,1-RNA.1-073125,,
office_dallas,2c0d1fd7-bb01-551c-846a-ab4ea54cfd8c,35753414993,SKIP,legacy format,,TMDRKAWNING,,
office_dallas,2e8af413-a6ad-5fb4-a85f-34c7c6240e7f,237430454991,SKIP,legacy format,,TRPPBRCLUB,,
office_dallas,2ea97cff-79b5-5e8b-a966-f27b40942639,38800246849,SKIP,legacy format,,ASR48SODD,,
office_dallas,313bfcd1-1d3e-5fd3-8d6e-84436c846433,39060954395,SKIP,legacy format,,1-TLV.1-091025,,
office_dallas,31a9764d-001a-5ac4-9428-d124c4d4c0e2,37551325006,SKIP,legacy format,,TMHVACTFORCE,,
office_dallas,31df8a1f-10d4-5c95-ad9d-ff93cd9d8a87,216640728825,SKIP,legacy format,,2-RSP1-111225,,
office_dallas,320eb7f0-a052-50ff-b66b-fb00e5328799,233264227031,SKIP,legacy format,,2-CDA5-120425,,
office_dallas,32d13c1d-1e9e-5df8-aa86-7a3975b9f3b3,35751367239,SKIP,legacy format,,TMVMCASPHALT,,
office_dallas,348ce4a1-a01b-42c8-b603-4c1f5b2ae041,,SKIP,no preserved value,,,,
office_dallas,34c72d3d-58c7-54df-8d22-f1295acb6468,239542699723,SKIP,legacy format,,2-CSA11-121525,,
office_dallas,35320517-9b79-5a4a-9cac-956f3d52e3e8,204624395979,SKIP,legacy format,,2-RHR1-103025,,
office_dallas,3536dc71-6bb8-57b6-8de5-6e273a07a93e,31684556455,SKIP,legacy format,,ASWMREPIPE,,
office_dallas,35611262-23f8-5969-86bc-0627806a2bbb,250775951059,SKIP,legacy format,,2-TLP7-123025,,
office_dallas,35e5b7ba-d9ed-534c-b0c2-37532fc62016,42448826227,SKIP,legacy format,,1-TND.0-FPI-08192025,,
office_dallas,35ed76d2-b204-5d28-9600-0ab1f7cc6d13,262223996662,SKIP,legacy format,,2-R@37-011426,,
office_dallas,368c8ec6-a717-5791-b87c-2f4b9b26e844,39349109558,SKIP,legacy format,,1-RBR.1-093025,,
office_dallas,3764b2e9-b478-5ec8-b100-1584fbcb88bd,238645369580,SKIP,legacy format,,2-CSA11-121225,,
office_dallas,37667fd1-99ad-582d-bc1c-69216c6a5484,38850568741,SKIP,legacy format,,ASSCOPESILVER,,
office_dallas,37c2f00d-4a0a-53fd-9da1-11f1aac2c32e,41338620946,SKIP,legacy format,,JHHERITAGE,,
office_dallas,38142403-8f20-540a-ac1a-a40032c0d8d3,41348543548,SKIP,legacy format,,CBMAAGRPRF,,
office_dallas,381aa3a5-4f06-5cce-b2c6-725e75b1704e,216534909689,SKIP,legacy format,,TMWPREBULD,,
office_dallas,3827b361-926f-56e5-9e15-0e664824df92,38286299824,SKIP,legacy format,,KMRPMEMPKR,,
office_dallas,38444fc8-9bda-537c-abb5-2083e4f2ff40,175110075119,SKIP,legacy format,,KMMBGUTTER,,
office_dallas,393d81d5-9fb0-5576-95fa-67916df8cf69,39327730213,SKIP,legacy format,,RPMKMSHLDW,,
office_dallas,39755eee-86cc-5c52-a762-75b4a8a93ed5,36419352484,SKIP,legacy format,,ASSLROOF,,
office_dallas,3a475f8e-f7db-5406-881c-6c74cdb6eabc,194088474340,SKIP,legacy format,,TMAAUNITBB,,
office_dallas,3b6f0201-a426-5092-a10a-ef7d052c227b,37238223875,SKIP,legacy format,,TMGATEMAILBOX,,
office_dallas,3bee1aa9-5f4b-590e-b3b3-a70a68334b32,41078935140,SKIP,legacy format,,CBSILVERDH,,
office_dallas,3cbeecac-520f-5b1b-9415-f5a5b16c5843,36810624568,SKIP,legacy format,,ASJONE2109,,
office_dallas,3f0e2ce4-4adc-594a-b6fb-57a4320468b9,194132514491,SKIP,legacy format,,TMLGPCAPEX,,
office_dallas,3f7e3854-11fa-5844-b2ca-e2adff67e7f6,43896773047,SKIP,legacy format,,TMMROOFREP,,
office_dallas,40dbd232-f385-5301-ae19-ad180cc52db6,42657506672,SKIP,legacy format,,2-RTE-Rise48-082125,,
office_dallas,422ac5f4-0402-524f-b521-7c4a9ec7b093,37182508452,SKIP,legacy format,,TMROOFPALADIN,,
office_dallas,443053f4-603e-5579-9c2a-1302e35d6e1f,40832572577,SKIP,legacy format,,KWWFREPAIR,,
office_dallas,44bad754-1502-50f0-8016-9887be71a165,187331613409,SKIP,legacy format,,TMFFMROOF,,
office_dallas,46037a3c-6580-579c-b636-ee37646a3fd5,38567295844,SKIP,legacy format,,TMARCADDECK,,
office_dallas,464ab613-6cb5-5866-8a9f-d4f1b280e822,41514195854,SKIP,legacy format,,KMMRMAILBX,,
office_dallas,4736cefd-b218-52d8-a708-eff2f301eb78,178921261762,SKIP,legacy format,,2-MMC.5-100125,,
office_dallas,486e6212-527c-5530-ac32-422e65a1431f,39221998689,SKIP,legacy format,,ASHWCLUBHS,,
office_dallas,48de1ff2-c4f6-51c7-ab62-b42eff1341df,39867124043,SKIP,legacy format,,KMMONTGATE,,
office_dallas,491037de-5b13-5ff7-b28c-a7bca96898a7,259349221108,SKIP,legacy format,,7-5001-111125,,
office_dallas,49252625-8f04-5ea0-87a2-6362a0aee60e,188106442453,SKIP,legacy format,,2-SLA.5-101525,,
office_dallas,499f13d8-a635-58a7-82fa-b47b6e1c57b7,43896915799,SKIP,legacy format,,2-TLV.1-091825,,
office_dallas,4c64f36f-084a-5f73-9436-58e63eccc9dc,41437971127,SKIP,legacy format,,CB4110GALT,,
office_dallas,4cff643e-a83d-5f50-b7ff-96910cc6f090,212628222707,SKIP,legacy format,,2-TPL1-110725,,
office_dallas,4dfcbbac-0f8f-5330-bedf-20c6852e885c,42229026351,SKIP,legacy format,,2-301-Greystar-081525,,
office_dallas,4f1ca520-a683-5293-8d86-b720537a7b68,42093931659,SKIP,legacy format,,ASPPEPAINT,,
office_dallas,50d2203f-d0fc-5f9b-9f5b-d6b223b0eaa9,250775949014,SKIP,legacy format,,2-TPL6-122225,,
office_dallas,50d532ae-cee5-5c9c-884c-d68aa6485fa7,43373917072,SKIP,no preserved value,,,,
office_dallas,51efa4f6-833c-5b52-8abe-83a75c39c601,,SKIP,no preserved value,,,,
office_dallas,52040f27-cbb5-5904-bbe5-0ed85ce9dd72,38960329631,SKIP,legacy format,,KMAASPAINT,,
office_dallas,52226bc1-f5a3-559f-ae9c-c34191bfd9b9,217561632505,SKIP,legacy format,,TMVILROOF,,
office_dallas,53178e97-4b8d-58e6-9e68-1202c54bd052,240974486208,SKIP,legacy format,,2-TPL3-121525,,
office_dallas,5320bb59-4379-5975-bd20-982c1c5a1798,38601769351,SKIP,legacy format,,ASRPMJNMB,,
office_dallas,53acc617-6331-586c-9b71-8875e0b8d5f0,195158265569,SKIP,legacy format,,DBPAPRSVLV,,
office_dallas,54e7fb4f-33ba-569b-a0eb-7b42fc13331f,43013818142,SKIP,legacy format,,1-LGP.#1-090425,,
office_dallas,54eed2c6-510a-52cd-a223-35886337daa4,43156477601,SKIP,legacy format,,TMPREXTCARP,,
office_dallas,5543ff47-ab97-5493-a41c-06bc77c1f25f,34689147263,SKIP,no preserved value,,,,
office_dallas,5634023a-6dfa-5b2c-9834-39a310487c9d,175831456504,SKIP,legacy format,,KMHENLAD,,
office_dallas,57455241-168d-5dda-ad6f-8c2e5de305f3,37423399941,SKIP,legacy format,,TMWCSLINSU,,
office_dallas,5ad81aa3-e9c0-57a0-ade9-b4aaa9e8007a,43948381353,SKIP,legacy format,,KMLPCORRID,,
office_dallas,5bc3ac0f-6cfb-57b1-b522-56efba92ff27,39900363374,SKIP,legacy format,,ASTJCRPTRY,,
office_dallas,5c96a47a-a935-573a-8102-1bf0134dc1c3,175006161631,SKIP,legacy format,,2-CWS.1-101325,,
office_dallas,5d0f2cd4-d186-514a-94ea-c99b262447d3,35461926749,SKIP,legacy format,,CBBILTLAND,,
office_dallas,5dbf639d-7573-5081-9eac-9009164a4d9b,35185529380,SKIP,legacy format,,HSHPLPAIN2,,
office_dallas,5dd3f2bc-a392-5a9c-85c6-f4c56f0c0c09,38791326784,SKIP,legacy format,,TH377PARKC,,
office_dallas,5de515b3-d771-5eb1-b1b5-5b6e14ac254d,32961269766,SKIP,legacy format,,AS13THOLIVE,,
office_dallas,5e702636-1ee7-551c-bf2c-280157b96e96,38485446499,SKIP,legacy format,,ASRTRROOFS,,
office_dallas,5ecbb89f-421f-5ae4-bdae-44b22adb36f8,41442434394,SKIP,legacy format,,KMLAKEVILLAGEROOF,,
office_dallas,6140bcdb-0f0f-5b96-a3e0-2c6529f22dae,35185529237,SKIP,legacy format,,HSHPLCARPT,,
office_dallas,61507801-3f61-54e1-a7f4-5adec8c89491,40249383469,SKIP,legacy format,,JHVOLARWINDOWS,,
office_dallas,6184d415-354c-58fb-9124-3809ebfaf1ef,182837915331,SKIP,legacy format,,1-SVE.1.-101025,,
office_dallas,61ab8591-ca86-5510-87f1-eef95cbe5278,173704025816,SKIP,no preserved value,,,,
office_dallas,627050fb-ee68-5044-a858-aa762b24abf1,35455366792,SKIP,legacy format,,JHSORETCRT,,
office_dallas,63076d5c-65df-551f-adc5-a6ed2b43c8ae,38584914791,SKIP,legacy format,,ASLWCARPEN,,
office_dallas,64eef4c9-2c30-5185-a98f-fc8ab8fd1842,39236127263,SKIP,legacy format,,DWRNAREPAI,,
office_dallas,65ee64e6-836d-52fa-99be-10698195dfc0,41883669882,SKIP,legacy format,,TMTPLHVAC,,
office_dallas,663d2842-9e8b-55aa-9c6d-5c4e3e1f62f2,40832630051,SKIP,legacy format,,TM511ELECTRIC,,
office_dallas,667158c8-e441-5d17-871f-a2fb260a1963,237649380037,SKIP,legacy format,,DBQWFNDTIN,,
office_dallas,6687bed9-4213-5d78-aa84-2388e3aec807,212696300223,SKIP,legacy format,,2-NLW1-111025,,
office_dallas,66cf3e19-d8a5-576e-8fc1-5193e4a6448f,39659277992,SKIP,legacy format,,KMWATERTRIP,,
office_dallas,67629152-5ab9-50ed-8f15-e45742dd1bae,43274238253,SKIP,legacy format,,2-301-Greystar-090325,,
office_dallas,67b691e5-8f68-5693-91f6-e90e313298fa,258137851581,SKIP,legacy format,,2-CAR4-011626,,
office_dallas,69c9dab7-317f-53a9-91c0-cdaed3e266f5,43663201098,SKIP,legacy format,,TMCBSDD,,
office_dallas,6a14a8f5-4dda-5f14-86ea-874cbb6aa019,173703281353,SKIP,legacy format,,TMTTSTARP1,,
office_dallas,6a526ea6-430a-5158-bd03-65f304fd1a54,35753414055,SKIP,legacy format,,ASDYSTORAG,,
office_dallas,6a52b591-7ac7-5800-956e-c1ca6f3bf7e5,246923474663,SKIP,legacy format,,2-CSA13-122325,,
office_dallas,6a79492e-b712-5583-8d42-df70d79ca6f4,197687764725,SKIP,legacy format,,TMCRCCON,,
office_dallas,6acae838-6397-56d1-88c1-a883dfe5d394,196631965421,SKIP,legacy format,,4-EPA1-103125,,
office_dallas,6bfbd68c-b9d8-58fd-9c05-1f381914132d,41438031219,SKIP,legacy format,,CBPIKEPILL,,
office_dallas,6c4477d9-131e-5df9-b750-a809c89b038e,38465482560,SKIP,legacy format,,KMFQEXTRENO,,
office_dallas,6d6d03b9-3f8b-5ded-9b32-342b1e39f635,256809062075,SKIP,legacy format,,2-TLP5,,
office_dallas,6da6520a-5ff6-5009-846c-0df17aaa94e6,175830017742,SKIP,legacy format,,DFW-1-00126-AZ,,
office_dallas,6ea343df-1653-5ef3-91d1-ed9d60a0ba24,175110088417,SKIP,no preserved value,,,,
office_dallas,70adce31-9bc3-5ef1-a98e-c06e1d39aa7c,,SKIP,no preserved value,,,,
office_dallas,726ccd96-5342-5489-b242-e67a76196ebd,224457071326,SKIP,legacy format,,2-TOT1-112125,,
office_dallas,729b3aee-90ef-5570-8284-9622484e9f5b,35264837401,SKIP,legacy format,,TMGRGUTTER,,
office_dallas,7311f73e-45b1-5c74-8b4a-b7d3a448acb6,217560925936,SKIP,legacy format,,2-R@371-111225,,
office_dallas,75899296-5205-5b8a-970f-7153f1244937,39257888081,SKIP,legacy format,,DWRNAREPAI,,
office_dallas,76f155aa-dd8f-52a9-88a7-411ca41fc704,41338415726,SKIP,no preserved value,,,,
office_dallas,786d2280-df5d-5fd8-b9e3-c49aa8404cbc,192519528147,SKIP,legacy format,,TMWOEDRAIN,,
office_dallas,78b35845-7b6b-5255-acfa-c4d223140e88,203838410426,SKIP,legacy format,,4-JOV1-110325,,
office_dallas,7a3126cf-3a87-59f9-9b64-1b52fa4d76f7,43265064331,SKIP,legacy format,,KMABBBALC,,
office_dallas,7af08c5a-4867-58a2-ba9e-40daec9d87cf,39369301385,SKIP,legacy format,,KMESTATESDRAINS,,
office_dallas,7c393c03-25f6-5fb8-87aa-4a00af585900,32954400281,SKIP,legacy format,,ASRNAFIRE,,
office_dallas,7caafbf9-0fdb-52bf-8392-be9925a0e70e,221599584969,SKIP,legacy format,,TMWOEUNITS,,
office_dallas,7cb4fa19-b7b3-5d27-81a3-214dafb46146,43524436117,SKIP,legacy format,,KMRLRAILIN,,
office_dallas,7da2642b-7b7d-5550-9557-f919ff1be38c,173499378383,SKIP,legacy format,,KMMBRFLDOG,,
office_dallas,7dfcaeab-0901-5527-96ef-2c5d4ea136d6,41332918412,SKIP,legacy format,,KMUNSTRFRT,,
office_dallas,7f7aac83-afde-52b8-92da-981f57922d94,231226959565,SKIP,legacy format,,TMTWCINTER,,
office_dallas,802c2efa-3c3f-5721-8566-d13b79928f7e,37181126256,SKIP,legacy format,,AWDENEWAPT,,
office_dallas,81a17495-379a-51f8-ac4a-84ceb5277c3b,204627995347,SKIP,legacy format,,TMWWPICKLE,,
office_dallas,831ba989-321f-5e7f-b75b-6c4954325abf,35753414505,SKIP,legacy format,,ASMCORRIDR,,
office_dallas,838442b9-ce47-505e-b77a-9882ed812f7b,169108971249,SKIP,legacy format,,2-TLV1-100125,,
office_dallas,841562c9-319f-5492-9c0a-718bc14c8fac,41514325405,SKIP,legacy format,,JHTERPIPE,,
office_dallas,871c06a7-cc5b-5634-a975-448a884934f3,38227064505,SKIP,legacy format,,TMMIDDEMO,,
office_dallas,874e54ef-8bb6-5ed6-89b2-e4e0dbf6bb76,41345191287,SKIP,legacy format,,CBFAIRPARK,,
office_dallas,887defb3-521e-53cd-989d-ed80bdfd7b2e,35185484391,SKIP,legacy format,,TMCTWATER,,
office_dallas,88996c81-30ed-5ccf-a79d-7d4d7df9f65c,239421163244,SKIP,legacy format,,2-DDC1-120525,,
office_dallas,8a926dc9-23a3-5a82-8046-938682cc55cb,43898929285,SKIP,legacy format,,TMMPROOFRP,,
office_dallas,8baf4166-5b75-513a-86d3-c711a93bbae3,38370146480,SKIP,legacy format,,ASRPMEVPKR,,
office_dallas,8bd868ab-1263-548e-9345-8d45d2362475,191858232020,SKIP,legacy format,,TMWOEFOUNDATION,,
office_dallas,8c2df8de-a4f5-54cf-b1b2-5b121d6a0ec9,35751366689,SKIP,legacy format,,TMSLSTAIRS,,
office_dallas,907ddda6-0693-5bdb-8834-743a59dc060b,43331337292,SKIP,legacy format,,TMABBEROOF,,
office_dallas,913b801e-0320-57c0-bc49-65dccb72772c,42956423988,SKIP,legacy format,,1-PKH-#1RPM-091225,,
office_dallas,92862d11-24e7-51dd-a4a6-755a86525bfa,38842695287,SKIP,legacy format,,THIREGWFRF,,
office_dallas,9390c368-3b59-56fd-bed4-5a44d5c8077e,36935325739,SKIP,legacy format,,ASCSMLEASE,,
office_dallas,93aaebd7-1b32-5277-bce8-df6e3efd3999,37269946539,SKIP,legacy format,,TH301RFGRP,,
office_dallas,9454e10d-7c05-51b4-b84b-9149ad8dda3e,41502765569,SKIP,no preserved value,,,,
office_dallas,94cdfab3-7336-5f0a-b36e-f4b45139752d,37313946534,SKIP,legacy format,,TMTFORCEBATHROOM,,
office_dallas,96d39275-2b23-53a6-a5bb-50e579784919,224454342381,SKIP,legacy format,,DBCSCONCRT,,
office_dallas,974f009d-cf64-5cd8-92ef-7fd09391a75c,40982045471,SKIP,legacy format,,CBFAIRMOUNTGARPAINT,,
office_dallas,98a4e93c-1b42-5b58-a5b8-75f34571a06c,35188930401,SKIP,legacy format,,ASHPLPAINT,,
office_dallas,9aa166ec-6fa3-5bad-a264-f927116c439e,173249780467,SKIP,legacy format,,AS21OURENO,,
office_dallas,9aa6a4c0-e3a8-5fae-ad3a-7f68d4531bb2,34749643151,SKIP,legacy format,,ASCRMERCURY,,
office_dallas,9b434855-df4b-588e-93b4-7910e26b470e,36609548624,SKIP,legacy format,,2-SLA4-101025,,
office_dallas,9b772007-02c8-5e05-a78f-ef65a789c311,37421638803,SKIP,legacy format,,THHARVARDWATER,,
office_dallas,9c0318a8-a58d-500d-a2ae-d73e47b8d768,232495611579,SKIP,legacy format,,2-TLP5-120225,,
office_dallas,9cb3ab7e-7f41-5bc1-8dd0-ddb75073a5c3,43948442166,SKIP,legacy format,,2-ARC.1-091825,,
office_dallas,9d43ff52-4791-5d8d-bad3-0606f7bd1425,222888013541,SKIP,legacy format,,2-CPC.1-121225,,
office_dallas,9dca8fe6-05cc-5a7c-a7a7-2ac9fd7562ed,39275273057,SKIP,legacy format,,KMTIDESNDTEMP,,
office_dallas,9e5d46d6-e01f-532c-b665-561f91b68e24,37182753594,SKIP,legacy format,,ASDSTERMIN,,
office_dallas,a037fb2d-d9e0-50a8-bebd-e46eb842408b,195160421089,SKIP,legacy format,,TMRPCAPX26,,
office_dallas,a3aa46b7-6094-54b8-be4d-e057f921059e,37314617692,SKIP,legacy format,,ASIRTWHEXP,,
office_dallas,a49e0e5e-198e-5160-9846-97c36e5a2763,36946988803,SKIP,legacy format,,TMCENTRALLANDINGS,,
office_dallas,a52136c7-2cb2-5a57-8dd0-3ea54f91a386,42911743289,SKIP,legacy format,,2-PPA.Assetliving-081125,,
office_dallas,a523bb0e-49f8-54ea-8bb5-931fd926dc9f,218277439181,SKIP,no preserved value,,,,
office_dallas,a526bed6-2b38-5873-8960-e4e13b6097f7,43288807987,SKIP,legacy format,,TMHNCHIMNY,,
office_dallas,a56d8b0e-5dd6-5e84-b7e7-08b3c92c6e88,39236126882,SKIP,legacy format,,KMRPMTND,,
office_dallas,a59385bd-71aa-56d0-b85e-ac7e6e2f63b2,39900362596,SKIP,legacy format,,KNTIMBERROOFS,,
office_dallas,a598ae10-7b6b-5f0b-a67f-1c9a8b48eedf,39015473988,SKIP,legacy format,,THO90FWCNC,,
office_dallas,a60dc38f-bae3-5815-af4e-4a26040d007b,219365280452,SKIP,no preserved value,,,,
office_dallas,a7ca7f19-4013-5460-b3ae-0f3bf3013019,173488562893,SKIP,legacy format,,KMHDRAIN,,
office_dallas,a9bd3447-c6cd-5629-8729-d3487d7f2148,43523878155,SKIP,legacy format,,TMLGPPERGWALL,,
office_dallas,aa0ab4bf-8d42-5c69-b537-9d8b6d75df20,236738501322,SKIP,legacy format,,2-CSA9-121025,,
office_dallas,aa1f19e3-5f79-5460-b6b3-8f408f416bf2,231963146959,SKIP,no preserved value,,,,
office_dallas,aaf5e2b1-695e-5410-a45f-61ca2d650738,175110035184,SKIP,legacy format,,DBWAINTREN,,
office_dallas,abcb92d2-1c08-5deb-afa2-4483fccb7e3a,43407956337,SKIP,no preserved value,,,,
office_dallas,ac0db92b-cbc6-55b1-868f-f6842acf8243,215719839466,SKIP,legacy format,,2-R@372-111225,,
office_dallas,ac42e78b-9ced-579c-a1d2-e737e07aa82f,304354876135,SKIP,legacy format,,2-SVA2-110425,,
office_dallas,adc16f38-eef5-5fa7-9ed2-3b3d50568e99,175830017731,SKIP,legacy format,,KMMBUNITBB,,
office_dallas,ae8fd9d8-87d9-5d73-9f4d-2220da9da794,238644647666,SKIP,legacy format,,2-CSA10-121125,,
office_dallas,b22ada35-de14-5a30-a328-3faf7151cc32,260429497069,SKIP,legacy format,,2-RSP3-011425,,
office_dallas,b2598027-9d85-5f9d-a0e7-a05a7fb55313,41126042413,SKIP,legacy format,,KMPWINTERS,,
office_dallas,b360e463-b262-5d41-9d7f-6da5c61643bb,170982762191,SKIP,legacy format,,2-JOV.1-100125,,
office_dallas,b4161eca-61fa-5ffb-abd3-2ec807def710,232495614710,SKIP,legacy format,,2-CSA8-120325,,
office_dallas,b4ee5f25-a0a2-503c-a187-556f56837d52,42407982496,SKIP,legacy format,,2-STAR-RPM-081825,,
office_dallas,b52e0d92-246a-5cc6-8fa9-3750f609e7b6,39423411880,SKIP,legacy format,,ASMAABALCO,,
office_dallas,b5925edc-6080-580a-ad10-ce251204d81d,169108941537,SKIP,legacy format,,2-DAR1-111925,,
office_dallas,b5c45f45-1b22-56aa-ac0c-397c624153ed,190570025678,SKIP,legacy format,,2-PWA2-111125,,
office_dallas,b5e2d783-9064-5a66-9a59-226369470da9,40317787487,SKIP,legacy format,,ASMCABRENO,,
office_dallas,b729ba63-8211-5c36-916b-e944772fa1f1,169999805160,SKIP,legacy format,,2-MPA1-100225,,
office_dallas,b73c1df6-5d91-555e-87ab-c9eed895c756,43660828244,SKIP,legacy format,,TMBPCARPNT,,
office_dallas,b73f706a-97d7-5e21-8e59-a6dc045246e5,31995966807,SKIP,legacy format,,ASAWARECLAD,,
office_dallas,b74d6a5e-6815-5dfd-a533-ccfa24825721,43743091075,SKIP,legacy format,,TMPPWGARAGE,,
office_dallas,b78cf907-9d09-54a8-87ec-b61ca0055b46,304354875098,SKIP,legacy format,,2-TAT3-111325,,
office_dallas,b7c4fba8-aa8f-5fd2-9d30-dcbdc7e78b6f,35753416200,SKIP,legacy format,,TMLBASPHALT,,
office_dallas,b7ffe2dc-a834-57a0-96f4-b54bc3ba592e,303035984614,SKIP,legacy format,,2-SVA.1-102725,,
office_dallas,b84d91b3-286f-58f8-be09-474f5e67bb1c,41705526890,SKIP,legacy format,,2-RNA-RISE48-081125,,
office_dallas,b8fdee4f-e6de-5e36-a408-e1d0850c756d,41880097708,SKIP,legacy format,,TMTLV3ROOF,,
office_dallas,bbd1aead-ff10-5a18-b490-ac7a6ac555af,39221995552,SKIP,legacy format,,ASHPCLUREN,,
office_dallas,bd96759b-cdd7-579b-be8e-ffbc98a3b3ff,41048567928,SKIP,legacy format,,ASRISEMATHFIRE,,
office_dallas,be8913a2-d276-518a-9503-44156b781ae1,40713512540,SKIP,legacy format,,CBFORSTCRK,,
office_dallas,bf059b6d-d768-5815-b070-73e0b0b18f9e,180555147971,SKIP,legacy format,,ASCRCLBHOU,,
office_dallas,bf1ff3c5-6fc7-57f7-9eb1-b71b833d5038,33050736675,SKIP,legacy format,,ASHTEXPANSION,,
office_dallas,bf245554-7b80-5374-97c7-6f8c1b3ef750,39980526410,SKIP,legacy format,,KMQ10CARPR,,
office_dallas,bf2f693c-c567-57ce-bc66-9f31688f9ee4,232556687085,SKIP,legacy format,,DBEWAATTIC,,
office_dallas,bfec4163-3809-5ae2-bdf6-36d0d31ba74a,223308065519,SKIP,legacy format,,2-RGW1-111925,,
office_dallas,c09d24f6-6843-5b25-a4a7-818e9bf88620,218427863784,SKIP,legacy format,,2-POA1-111325,,
office_dallas,c0a38621-68fb-53e0-818c-25eecde16ec8,40982044505,SKIP,legacy format,,CB4110GATE,,
office_dallas,c12f52b7-0e6e-504b-835c-e2ec9aec8952,43896959039,SKIP,legacy format,,TMMPEXTCAR,,
office_dallas,c2f09055-f8aa-5e34-9d3b-043ede8ef32b,43013935670,SKIP,legacy format,,2-VHO.1-080625,,
office_dallas,c3406cea-ec9c-5f4b-8aa1-1b1ee4210b23,190563542746,SKIP,legacy format,,2-CSP.1-101325,,
office_dallas,c3b2bb1c-f044-5a9c-bddd-4ebc0d8fcc46,40670244784,SKIP,legacy format,,KMTIDESNDDEMO,,
office_dallas,c4886207-7d82-5d6f-8742-e6ea1334c207,40789931894,SKIP,legacy format,,TMWANWROOF,,
office_dallas,c61ae828-b193-5c1b-815c-73ead2a9ebd1,262368119494,SKIP,legacy format,,2-CAR2-011426,,
office_dallas,c66c062a-ccf7-5f0f-bad5-282de859e948,42093932711,SKIP,legacy format,,ASPPEPAINT,,
office_dallas,c6c603d9-187b-5bbf-bd4a-734fcaaf2413,35183835568,SKIP,legacy format,,ASRBLLIGHT,,
office_dallas,c79161c6-c38f-54b4-8006-14dc67d97805,259767050995,SKIP,legacy format,,2-UPL2-111425,,
office_dallas,c7bde459-3cb6-50bc-965c-b93a52896c2f,40286461966,SKIP,legacy format,,ASCRCDRENO,,
office_dallas,c7e7a127-5fa9-5d95-89c3-69a694bfc027,35753416529,SKIP,legacy format,,TMVSHASPHT,,
office_dallas,c83b6e9b-4782-5721-ba21-c4ed240ff652,219365278448,SKIP,legacy format,,2-TAT3-111325,,
office_dallas,c863b57c-10c0-565e-abf3-a53c6f8995cd,35493542546,SKIP,legacy format,,ASAOLJLEAK,,
office_dallas,c8bf278f-5041-5cfe-af91-022f8025214f,42228343583,SKIP,legacy format,,2-GRT-ASCENT-081225,,
office_dallas,caf7d24d-f3fd-5f35-8d72-5e347d58910c,43743089279,SKIP,legacy format,,TMPPWMAILDR,,
office_dallas,cc300d1b-5986-5716-b066-43758702f198,43542981416,SKIP,no preserved value,,,,
office_dallas,cd2c23c0-a224-547d-bf8b-5cf59d74aeeb,42446475301,SKIP,legacy format,,KMCPLAYRENO,,
office_dallas,cdb7e121-4c7b-5181-afb5-d13d658da1f2,262356245223,SKIP,legacy format,,2-CAR2-011426,,
office_dallas,cdf5a492-bcd1-5215-82c3-e230e8874c80,43660621859,SKIP,legacy format,,2-GTE.1-091225,,
office_dallas,ceacfd64-5b7b-5c69-81ec-174dbfb3139b,43899040081,SKIP,legacy format,,TMRCEXTRDD,,
office_dallas,cf51c091-6948-5453-a06e-f7e53fc840af,40011173559,SKIP,legacy format,,JHHGLENLEAKS,,
office_dallas,cfbdded0-fea8-578c-9206-9f5b4c770910,204624400072,SKIP,legacy format,,TMAOCLBHSE,,
office_dallas,d00fe10c-5d60-560a-8a7d-80e644437983,247210019518,SKIP,legacy format,,DBEWRFTUNE,,
office_dallas,d1aea50d-e75b-540d-ad13-2521a8f55385,223718465256,SKIP,legacy format,,TMWWLANDFRE,,
office_dallas,d2194c66-7d99-55d7-a6e4-df1a9ad8c744,303033012946,SKIP,legacy format,,ASGVBALCNY,,
office_dallas,d25dd147-e7f9-5343-b36b-684988944659,40397264771,SKIP,legacy format,,CBGRNDSTRP,,
office_dallas,d2a8faeb-f7c9-53ba-90f8-fd7f4fed4fb4,235965301486,SKIP,legacy format,,2-CSA9-120825,,
office_dallas,d36d1117-a682-52ce-9dcd-b18ff18c660d,234007043772,SKIP,legacy format,,2-CSP.1-101325,,
office_dallas,d3d3e540-6ac4-5ce8-b9b5-da1a3ab4b8c2,217571709669,SKIP,legacy format,,DBEWPICPUL,,
office_dallas,d3e13af2-3853-593b-88fb-fa2f5e9d5714,237721443025,SKIP,legacy format,,DBJLDECKRP,,
office_dallas,d458191f-15c6-5200-90a6-414ebf32ddab,35455369336,SKIP,legacy format,,ASLWCLEASE,,
office_dallas,d5fb0c1a-44b8-52b0-9a16-354a601a6fc9,212008295132,SKIP,legacy format,,TMJASBLDG18,,
office_dallas,d62de713-169b-5442-b3a0-2177b458fe25,194036574927,SKIP,legacy format,,2-HEN1-111325,,
office_dallas,d69ef20a-e963-506c-9b56-716c1958a940,35852690469,SKIP,legacy format,,ASMAABALCO,,
office_dallas,d6ba0728-2a3e-576f-9276-5cfe74e452d7,41604976899,SKIP,legacy format,,KWBSFENCER,,
office_dallas,d72756a9-116b-5b7d-99b5-19745458869a,175006146257,SKIP,legacy format,,DBWACNCRES,,
office_dallas,d7c9bce9-3512-569d-a7e6-0a736cbaf0bc,39623331374,SKIP,legacy format,,TMFOXCREEKWALL,,
office_dallas,d7f56283-a1df-506a-954d-51a46a472bed,216534869740,SKIP,legacy format,,2-TRL1-111025,,
office_dallas,d9743303-be6c-5e77-9a82-a640d161e797,41045985061,SKIP,legacy format,,TMLEXTPAINT,,
office_dallas,d98958f1-9285-5778-936e-1a029c437575,247084759739,SKIP,legacy format,,2-TPL5-122325,,
office_dallas,dafb85f8-68e2-54cb-b0bc-59d4495eedfd,40686468476,SKIP,legacy format,,ASRTECHMN,,
office_dallas,db121684-5dd2-5d35-ad77-9cacf5745946,35455366267,SKIP,legacy format,,TMAWINDOWS,,
office_dallas,db517181-2803-5442-9bdd-5429ef86f0bf,41540750658,SKIP,legacy format,,2-VAB-RPM-080625,,
office_dallas,dbbf0563-8843-575b-ac3b-4f8975830554,38960331602,SKIP,legacy format,,1-ELC.1-061625,,
office_dallas,dc61dfdf-8c88-5b1a-bee5-957f7bb5398f,41953744203,SKIP,legacy format,,1-TND.1-081425,,
office_dallas,de60087d-ac30-5116-b633-e3561c4edbf3,175113634507,SKIP,legacy format,,DBMVOLRENO,,
office_dallas,deb69366-1e3b-5abc-8360-c703091e566c,262356254433,SKIP,legacy format,,2-ZEN1-011426,,
office_dallas,df6b1ccc-89d4-5617-89d0-1025e498312c,31660148015,SKIP,legacy format,,TMCRCCRPT,,
office_dallas,dff8ff25-ef11-512a-938a-b2bce5f244ce,42228360534,SKIP,legacy format,,1-TLV.1-081525,,
office_dallas,e2fab83c-b576-5e37-8249-b7d59867ac3a,175110048458,SKIP,legacy format,,2-HEN3-011526,,
office_dallas,e2fcf462-e750-5108-a7dc-da0e7bcf6efa,39329513574,SKIP,legacy format,,RPMKMSOHMB,,
office_dallas,e34757d0-3657-5506-a0da-e2af16fb2829,,SKIP,no preserved value,,,,
office_dallas,e3730b31-e6b3-55e3-a20f-5a3d870e2ce1,42407282480,SKIP,legacy format,,2-TPL-Lowcountry-082025,,
office_dallas,e51148bf-1d2b-59a7-be10-103591a24f45,41345189251,SKIP,legacy format,,1-HPL1-081425,,
office_dallas,e59d05c0-8e6b-5560-a7ce-0afc1db1aebe,35751366500,SKIP,legacy format,,TMSILVREPIPE,,
office_dallas,e66f4d50-5878-5183-acc2-e010051210af,41066410894,SKIP,legacy format,,ASPCPEXPNT,,
office_dallas,e672fe90-841e-5999-8ca6-00adc351c2cf,197694965462,SKIP,legacy format,,DBCRLEASWL,,
office_dallas,e77f4759-c279-59c9-b125-d269191d9493,42089823833,SKIP,legacy format,,1-PPW.1-08212025,,
office_dallas,e8a79457-d6ef-50d4-a4c2-d10e8ebb10ee,35753416725,SKIP,legacy format,,ASTCGRILLS,,
office_dallas,e955cf16-2c50-59c3-abb1-19bfe6d6411c,41126043029,SKIP,legacy format,,TMSILVERDCWDHW,,
office_dallas,e9be530d-45ed-547b-a460-f20192b65e7b,35751364370,SKIP,legacy format,,ASJNCOMPEN,,
office_dallas,eb9e6e7d-078a-53a5-9bee-2dc875e62029,232532721389,SKIP,legacy format,,TMLPAATTIC,,
office_dallas,ec198089-0a84-5c23-bdd6-20231c2313bd,43319656481,SKIP,legacy format,,TMHNCARPNT,,
office_dallas,ec2f0c6f-bdb6-50b3-b69f-09d9b1673b66,222282872565,SKIP,legacy format,,2-CPA6-111925,,
office_dallas,ecfa9a0c-de16-534d-81d6-c7601f3f23d7,37634970686,SKIP,legacy format,,ASMORCARPP,,
office_dallas,ed09f1d2-f5f6-53d6-98fd-62b6650b2b9c,173499433676,SKIP,legacy format,,KMHACLBPOL,,
office_dallas,eebd3057-aecc-5e68-8f19-a4fd2dc34f3d,203233563346,SKIP,legacy format,,DBPEXTERIO,,
office_dallas,eecb9f54-9298-52a7-8d41-59de24149241,38849606916,SKIP,legacy format,,ASRPMLVIUN,,
office_dallas,f27ee31d-dbbd-57dd-ab07-deeb5ce48a2d,258010928871,SKIP,legacy format,,2-QUA1-112525,,
office_dallas,f2c57a58-8de6-5048-8fec-24d7d650d610,258149018349,SKIP,legacy format,,2-IVI1-111125,,
office_dallas,f2f8642f-823d-510e-919e-002bc56b9633,39510643499,SKIP,legacy format,,ASHMCLUREN,,
office_dallas,f403f9ad-e965-502c-996a-c5b81e9c941e,40290808487,SKIP,legacy format,,ASOCLEASE,,
office_dallas,f4342104-abe3-57a0-a6a9-9934f0fbd8e3,41703330318,SKIP,legacy format,,2-RTE.RISE48-081125,,
office_dallas,f4dbf46d-78b2-5a86-a805-14aabe8c4641,37180304296,SKIP,no preserved value,,,,
office_dallas,f7bfa29a-5602-5ce5-a11b-56715d50484a,35753414773,SKIP,legacy format,,ASGELIGHTS,,
office_dallas,f801cc4e-b465-5f3c-adf9-8fcf6a2fdff3,191853982442,SKIP,legacy format,,2-HEN1-102025,,
office_dallas,f8054b19-ce0b-5e98-859e-485c301af261,35183835765,SKIP,legacy format,,ASRTELIGHT,,
office_dallas,f84ec466-9815-597a-9bfb-a2641f981e01,303033014984,SKIP,legacy format,,2-PKW.1-100825,,
office_dallas,f960dd14-4cfa-5219-bad8-ab5c95be2315,246132216555,SKIP,legacy format,,CHALTLIGHT,,
office_dallas,f9dc710c-7204-59c3-9c0b-354ab68fc996,39286857543,SKIP,legacy format,,KMCSPSHORE,,
office_dallas,fa7df9a5-6ba1-500e-9afe-13a7fcc53a69,39978420041,SKIP,legacy format,,KMQ10EPCPR,,
office_dallas,fb8e2f73-38c8-557e-b357-557fd875c5e4,173704041157,SKIP,legacy format,,2-TKD.1-101625,,
office_dallas,fb9a2caa-13cd-5670-860e-7fd852e2116c,40009426282,SKIP,no preserved value,,,,
office_dallas,fc57ce10-c6c8-5a58-988a-74de7947994f,43514182455,SKIP,legacy format,,KMRLASPHAT,,
office_dallas,fc74a2ab-58a3-5207-a2c6-8ede5cef80d0,36810838026,SKIP,legacy format,,ASJONESBAL,,
office_dallas,fe2811b7-cfb0-5b9e-a48a-8df8edf032b7,43896883636,SKIP,legacy format,,TMCHRECLAD,,
office_dallas,feae1d2b-19a6-5404-80e9-ec931a87b119,212005498589,SKIP,legacy format,,TMDSHBOILR,,
office_dallas,ff1a1397-c010-54e0-80a3-6d9881c8159f,237430407877,SKIP,legacy format,,TMRCACPPNT,,
